,name,age,sex,price,time,classes,disability,preferential,job,city,marit_status,education,smoking,childs,networks
0,,30,М,31039.0,104.0,купе,Нет,Нет,NA,г. Москва,в браке,NA,NA,Нет,vk
1,,35,Ж,16694.0,58.0,купе,Нет,Нет,Работники сферы индивидуальных услуг,г. Златоуст,NA,высшее,Да,1,vk
2,,76,Ж,21263.0,84.0,плацкарт,Нет,Нет,NA,г. Тула,NA,NA,NA,2,Нет
3,,71,М,16374.0,55.0,купе,Нет,Нет,NA,г. Стерлитамак,в браке,среднее профессиональное,Нет,NA,одноклассники
4,,48,Ж,23127.0,88.0,плацкарт,Нет,Нет,Водители и операторы подвижного оборудования,г. Электросталь,в браке,NA,NA,Нет,Нет
5,,81,М,21747.0,68.0,купе,Нет,Нет,NA,г. Ростов-на-Дону,NA,NA,NA,4,одноклассники
6,,15,Ж,16670.0,63.0,плацкарт,Нет,Нет,NA,г. Пермь,NA,NA,NA,Нет,vk
7,,57,М,17290.0,46.0,СВ,Нет,Нет,NA,г. Киров,NA,среднее профессиональное,NA,Нет,Нет
8,,46,М,16711.0,63.0,плацкарт,Нет,Нет,NA,г. Москва,NA,среднее профессиональное,NA,Нет,Нет
9,,74,М,13382.0,45.0,купе,Нет,Нет,NA,г. Мурманск,NA,высшее,Нет,Нет,одноклассники
10,,37,М,9040.0,33.0,плацкарт,Да,Нет,NA,г. Новочебоксарск,в браке,среднее профессиональное,Нет,NA,vk
11,,35,Ж,15206.0,64.0,плацкарт,Нет,Нет,NA,г. Зеленодольск,NA,среднее профессиональное,NA,2,instagram
12,,43,М,19376.0,77.0,плацкарт,Да,Нет,NA,г. Йошкар-Ола,NA,NA,NA,Нет,Нет
13,,43,Ж,19973.0,73.0,плацкарт,Нет,Нет,"Работники служб, осуществляющих охрану граждан и собственности",г. Стерлитамак,NA,среднее профессиональное,Да,Нет,Нет
14,,41,Ж,21997.0,59.0,СВ,Нет,Нет,Средний специальный персонал по экономической и административной деятельности,г. Чебоксары,NA,NA,NA,NA,Нет
15,,80,М,23968.0,78.0,купе,Да,Нет,NA,г. Раменское,вдовец,NA,NA,1,Нет
16,,60,М,8585.0,48.0,плацкарт,Нет,Нет,NA,г. Челябинск,NA,среднее профессиональное,NA,NA,Нет
17,,50,М,21472.0,63.0,купе,Нет,Нет,NA,г. Москва,NA,NA,NA,3,одноклассники
18,,31,Ж,19429.0,72.0,плацкарт,Нет,Нет,"Специалисты в области права, гуманитарных областей и культуры",г. Новый Уренгой,разведена,NA,NA,Нет,Нет
19,,38,М,6025.0,34.0,плацкарт,Нет,Нет,NA,г. Екатеринбург,NA,среднее профессиональное,NA,1,Нет
20,,59,Ж,19539.0,36.0,люкс,Нет,Нет,NA,г. Екатеринбург,NA,среднее профессиональное,NA,1,vk
21,,45,Ж,23552.0,72.0,купе,Нет,Нет,NA,г. Белгород,не состояла в браке,высшее,NA,2,Нет
22,,56,Ж,21519.0,64.0,купе,Нет,Да,NA,г. Санкт-Петербург,NA,среднее общее,NA,NA,Нет
23,,25,Ж,18806.0,71.0,плацкарт,Нет,Нет,"Рабочие, занятые в строительстве, и рабочие родственных занятий (за исключением электриков)",г. Челябинск,NA,NA,NA,Нет,vk
24,,64,Ж,28157.0,80.0,купе,Нет,Нет,NA,г. Орёл,NA,NA,Нет,Нет,Нет
25,,20,Ж,16650.0,70.0,плацкарт,Нет,Нет,NA,г. Севастополь,NA,высшее,NA,1,Нет
26,,72,Ж,24120.0,72.0,купе,Нет,Нет,NA,г. Самара,NA,NA,NA,NA,Нет
27,,90,М,5993.0,26.0,плацкарт,Нет,Нет,NA,г. Санкт-Петербург,NA,высшее,NA,1,Нет
28,,40,М,15417.0,62.0,плацкарт,Нет,Нет,NA,г. Ногинск,NA,NA,NA,1,Нет
29,,48,Ж,19381.0,53.0,купе,Нет,Нет,NA,г. Новороссийск,NA,среднее общее,NA,NA,Нет
30,,42,М,16478.0,61.0,плацкарт,Нет,Нет,Средний специальный персонал по экономической и административной деятельности,г. Хабаровск,NA,NA,NA,Нет,Нет
31,,42,М,11262.0,27.0,СВ,Нет,Нет,NA,г. Краснодар,NA,высшее,Нет,2,Нет
32,,46,Ж,19144.0,54.0,купе,Нет,Нет,NA,г. Калининград,NA,NA,NA,NA,Нет
33,,55,М,16161.0,69.0,плацкарт,Нет,Нет,NA,г. Вологда,в браке,высшее,Нет,1,одноклассники
34,,44,Ж,18089.0,59.0,купе,Нет,Нет,NA,г. Ставрополь,NA,NA,Да,NA,Нет
35,,45,Ж,16569.0,55.0,купе,Нет,Нет,NA,г. Санкт-Петербург,NA,NA,Нет,1,Нет
36,,42,М,30211.0,100.0,купе,Нет,Нет,NA,г. Краснодар,NA,NA,NA,1,Нет
37,,56,М,21810.0,82.0,плацкарт,Нет,Нет,NA,г. Пенза,в браке,неполное высшее,NA,Нет,одноклассники
38,,17,Ж,9029.0,46.0,плацкарт,Нет,Нет,NA,г. Орёл,NA,NA,Нет,Нет,facebook
39,,21,Ж,14111.0,73.0,плацкарт,Нет,Нет,Служащие общего профиляи обслуживающие офисную технику,г. Ростов-на-Дону,NA,NA,NA,5,tiktok
40,,37,М,20940.0,76.0,плацкарт,Нет,Нет,Рабочие в области электротехники и электроники,г. Нальчик,NA,NA,NA,Нет,vk
41,,36,Ж,22656.0,73.0,купе,Нет,Нет,Неквалифицированные работники по сбору мусора и другие неквалифицированные работники,г. Самара,NA,высшее,NA,NA,Нет
42,,43,Ж,23101.0,81.0,плацкарт,Нет,Нет,NA,г. Омск,NA,высшее,Нет,Нет,Нет
43,,35,Ж,16080.0,79.0,плацкарт,Нет,Нет,NA,г. Москва,в браке,NA,NA,1,vk
44,,30,М,14545.0,61.0,плацкарт,Нет,Нет,NA,г. Пермь,в браке,среднее профессиональное,Нет,Нет,одноклассники
45,,34,М,20562.0,71.0,купе,Нет,Нет,"Рабочие, занятые в металлообрабатывающем и машиностроительном производстве, механики и ремонтники",г. Казань,не состоял в браке,высшее,NA,NA,Нет
46,,34,Ж,21271.0,74.0,купе,Нет,Нет,Специалисты в сфере бизнеса и администрирования,г. Петрозаводск,в браке,среднее профессиональное,NA,Нет,vk
47,,80,М,15404.0,71.0,плацкарт,Нет,Нет,NA,г. Северодвинск,NA,высшее,NA,5,одноклассники
48,,58,М,6888.0,42.0,плацкарт,Нет,Нет,NA,г. Курск,NA,NA,NA,NA,Нет
49,,27,Ж,17713.0,69.0,плацкарт,Нет,Нет,"Неквалифицированные рабочие сельского и лесного хозяйства, рыбоводства и рыболовства",г. Нижний Тагил,NA,NA,Да,Нет,vk
50,,45,Ж,20118.0,65.0,купе,Да,Нет,NA,г. Таганрог,NA,среднее профессиональное,NA,1,Нет
51,,26,М,8434.0,55.0,плацкарт,Нет,Нет,NA,г. Тюмень,не состоял в браке,NA,Нет,3,facebook
52,,26,М,5424.0,42.0,плацкарт,Нет,Нет,NA,г. Иркутск,в браке,среднее профессиональное,NA,NA,vk
53,,25,М,11007.0,51.0,плацкарт,Нет,Нет,NA,г. Нижневартовск,NA,высшее,Нет,NA,facebook
54,,64,Ж,18749.0,66.0,плацкарт,Нет,Нет,NA,г. Москва,NA,среднее профессиональное,Нет,NA,Нет
55,,91,Ж,24331.0,86.0,плацкарт,Нет,Нет,NA,г. Москва,NA,среднее общее,Нет,NA,Нет
56,,29,М,20615.0,63.0,купе,Нет,Нет,NA,г. Сыктывкар,в браке,NA,NA,5,Нет
57,,41,М,21375.0,81.0,плацкарт,Нет,Нет,NA,г. Белгород,NA,NA,NA,NA,Нет
58,,26,М,23149.0,92.0,плацкарт,Нет,Нет,NA,г. Москва,не состоял в браке,среднее профессиональное,Нет,NA,instagram
59,,43,Ж,4930.0,31.0,плацкарт,Нет,Нет,NA,г. Химки,NA,NA,NA,Нет,Нет
60,,45,М,13226.0,53.0,плацкарт,Нет,Нет,Водители и операторы подвижного оборудования,г. Нижневартовск,NA,NA,NA,Нет,Нет
61,,61,М,14739.0,64.0,плацкарт,Нет,Нет,NA,г. Шахты,NA,NA,NA,1,Нет
62,,44,М,18259.0,64.0,плацкарт,Нет,Нет,NA,г. Курган,NA,NA,Да,1,Нет
63,,41,Ж,27431.0,102.0,плацкарт,Нет,Нет,NA,г. Москва,в браке,NA,NA,1,Нет
64,,69,М,13348.0,44.0,купе,Нет,Нет,NA,г. Пенза,NA,среднее профессиональное,NA,NA,Нет
65,,57,Ж,13964.0,50.0,плацкарт,Нет,Нет,NA,г. Москва,в браке,NA,NA,Нет,facebook
66,,63,Ж,22755.0,88.0,плацкарт,Да,Нет,NA,г. Волгоград,в браке,среднее общее,Да,NA,Нет
67,,27,Ж,20922.0,70.0,купе,Нет,Нет,NA,г. Домодедово,NA,NA,NA,NA,facebook
68,,30,Ж,17203.0,58.0,купе,Нет,Нет,Специалисты-техники в области информационно-коммуникационных технологий (ИКТ),г. Оренбург,NA,NA,Нет,Нет,facebook
69,,53,М,27374.0,82.0,купе,Нет,Нет,NA,г. Тюмень,NA,NA,NA,Нет,facebook
70,,56,Ж,16050.0,63.0,плацкарт,Нет,Нет,Неквалифицированные работники по сбору мусора и другие неквалифицированные работники,г. Москва,в браке,NA,NA,1,одноклассники
71,,35,М,25003.0,81.0,купе,Нет,Нет,NA,г. Долгопрудный,NA,NA,Нет,NA,facebook
72,,35,Ж,22614.0,90.0,плацкарт,Нет,Нет,Работники сферы индивидуальных услуг,г. Кемерово,NA,среднее профессиональное,NA,NA,vk
73,,72,М,14596.0,51.0,купе,Нет,Да,NA,г. Кемерово,NA,NA,NA,NA,Нет
74,,87,М,23327.0,71.0,купе,Нет,Да,NA,г. Тюмень,NA,NA,NA,Нет,одноклассники
75,,17,Ж,17743.0,67.0,плацкарт,Нет,Нет,NA,г. Красногорск,NA,NA,Да,Нет,tiktok
76,,64,М,17158.0,71.0,плацкарт,Нет,Нет,NA,г. Хабаровск,в браке,высшее,NA,Нет,Нет
77,,26,М,14775.0,62.0,плацкарт,Нет,Нет,NA,г. Саратов,не состоял в браке,NA,NA,1,одноклассники
78,,16,М,20104.0,59.0,купе,Нет,Нет,NA,г. Волгоград,не состоял в браке,NA,NA,Нет,Нет
79,,52,Ж,14127.0,58.0,плацкарт,Нет,Нет,Специалисты-техники в области науки и техники,г. Балашиха,NA,NA,NA,NA,instagram
80,,85,Ж,24057.0,77.0,купе,Нет,Нет,NA,г. Махачкала,NA,NA,Нет,Нет,одноклассники
81,,40,Ж,27139.0,80.0,купе,Нет,Нет,NA,г. Невинномысск,NA,среднее профессиональное,Нет,Нет,Нет
82,,66,М,16161.0,73.0,плацкарт,Нет,Нет,NA,г. Воронеж,NA,среднее профессиональное,NA,NA,Нет
83,,81,Ж,15621.0,50.0,купе,Нет,Нет,NA,г. Чебоксары,NA,NA,NA,Нет,одноклассники
84,,39,М,21918.0,82.0,плацкарт,Нет,Нет,Средний специальный персонал по экономической и административной деятельности,г. Москва,NA,NA,NA,NA,Нет
85,,32,Ж,16630.0,64.0,плацкарт,Нет,Нет,Водители и операторы подвижного оборудования,г. Новочеркасск,в браке,среднее профессиональное,Нет,NA,facebook
86,,46,Ж,18050.0,78.0,плацкарт,Да,Нет,NA,г. Улан-Удэ,NA,NA,NA,4,Нет
87,,15,Ж,18134.0,62.0,купе,Нет,Нет,NA,г. Москва,NA,NA,Нет,Нет,vk
88,,48,Ж,22564.0,86.0,плацкарт,Нет,Нет,NA,г. Новокузнецк,NA,среднее профессиональное,NA,NA,Нет
89,,40,Ж,9982.0,41.0,плацкарт,Нет,Нет,NA,г. Калуга,NA,среднее профессиональное,NA,1,Нет
90,,53,Ж,24308.0,82.0,купе,Нет,Да,NA,г. Уфа,NA,среднее профессиональное,NA,Нет,facebook
91,,29,Ж,16758.0,55.0,купе,Нет,Нет,NA,г. Красноярск,NA,высшее,NA,NA,vk
92,,55,Ж,19035.0,84.0,плацкарт,Нет,Нет,NA,г. Москва,NA,высшее,NA,Нет,одноклассники
93,,23,Ж,21649.0,63.0,купе,Нет,Нет,NA,г. Москва,NA,NA,NA,Нет,Нет
94,,32,Ж,15804.0,55.0,купе,Нет,Нет,"Специалисты в области права, гуманитарных областей и культуры",г. Якутск,не состояла в браке,NA,Нет,Нет,vk
95,,35,М,19337.0,82.0,плацкарт,Да,Нет,NA,г. Астрахань,NA,NA,Да,3,instagram
96,,54,М,11571.0,51.0,плацкарт,Нет,Нет,NA,г. Самара,NA,среднее профессиональное,NA,5,Нет
97,,55,М,12988.0,48.0,плацкарт,Нет,Нет,NA,г. Москва,NA,NA,NA,1,facebook
98,,40,М,15884.0,54.0,купе,Нет,Нет,NA,г. Королёв,в браке,высшее,NA,Нет,Нет
99,,20,Ж,11744.0,54.0,плацкарт,Нет,Нет,NA,г. Челябинск,в браке,NA,Да,Нет,facebook
100,,47,Ж,19047.0,55.0,купе,Нет,Нет,NA,г. Москва,NA,среднее общее,Нет,1,Нет
101,,20,Ж,18531.0,74.0,плацкарт,Нет,Нет,NA,г. Пермь,не состояла в браке,NA,NA,1,Нет
102,,43,Ж,10769.0,51.0,плацкарт,Нет,Нет,NA,г. Екатеринбург,NA,NA,Нет,NA,Нет
103,,31,М,20127.0,56.0,купе,Нет,Нет,NA,г. Нижний Новгород,NA,NA,NA,1,vk
104,,19,М,27009.0,87.0,купе,Нет,Нет,NA,г. Армавир,NA,NA,NA,4,Нет
105,,65,Ж,11333.0,53.0,плацкарт,Нет,Нет,NA,г. Магнитогорск,NA,NA,NA,NA,Нет
106,,72,М,23337.0,65.0,купе,Нет,Нет,NA,г. Ростов-на-Дону,вдовец,NA,Нет,Нет,instagram
107,,67,Ж,20454.0,81.0,плацкарт,Нет,Нет,Неквалифицированные работники по сбору мусора и другие неквалифицированные работники,г. Москва,NA,среднее профессиональное,NA,NA,Нет
108,,56,М,19676.0,60.0,купе,Нет,Нет,NA,г. Томск,в браке,NA,Нет,2,одноклассники
109,,33,М,17313.0,66.0,плацкарт,Нет,Нет,"Средний специальный персонал в области правовой, социальной работы, культуры, обучения, спорта и родственных занятий",г. Екатеринбург,NA,NA,NA,NA,instagram
110,,37,Ж,22347.0,80.0,плацкарт,Нет,Нет,NA,г. Ангарск,NA,NA,NA,NA,vk
111,,67,Ж,17602.0,70.0,плацкарт,Да,Нет,NA,г. Красноярск,в браке,NA,NA,NA,Нет
112,,33,Ж,18010.0,61.0,купе,Нет,Нет,"Рабочие, занятые в металлообрабатывающем и машиностроительном производстве, механики и ремонтники",г. Оренбург,разведена,NA,Нет,NA,facebook
113,,94,М,23951.0,100.0,плацкарт,Нет,Нет,NA,г. Воронеж,NA,NA,NA,NA,Нет
114,,63,М,17982.0,60.0,купе,Нет,Нет,NA,г. Тольятти,в браке,NA,Нет,1,Нет
115,,59,М,22012.0,78.0,плацкарт,Да,Нет,NA,г. Москва,в браке,NA,Да,2,tiktok
116,,73,М,28422.0,86.0,купе,Нет,Нет,NA,г. Москва,NA,NA,Нет,3,одноклассники
117,,58,Ж,11991.0,60.0,плацкарт,Нет,Нет,NA,г. Киров,в браке,среднее профессиональное,Нет,Нет,одноклассники
118,,22,Ж,18060.0,83.0,плацкарт,Нет,Нет,NA,г. Новороссийск,NA,среднее профессиональное,NA,Нет,vk
119,,49,Ж,23184.0,92.0,плацкарт,Нет,Нет,NA,г. Ангарск,NA,NA,Нет,1,Нет
120,,55,М,17896.0,47.0,СВ,Нет,Нет,NA,г. Орск,NA,высшее,NA,1,facebook
121,,54,М,13240.0,51.0,плацкарт,Нет,Нет,NA,г. Нижний Новгород,NA,NA,NA,NA,instagram
122,,36,Ж,12312.0,53.0,плацкарт,Нет,Нет,"Рабочие пищевой, деревообрабатывающей, текстильной и швейной промышленности и рабочие родственных занятий",г. Москва,NA,неполное высшее,Нет,Нет,одноклассники
123,,49,Ж,15429.0,57.0,плацкарт,Да,Нет,Средний специальный персонал по экономической и административной деятельности,г. Рязань,NA,NA,NA,3,Нет
124,,82,М,19834.0,68.0,купе,Нет,Нет,NA,г. Москва,NA,NA,NA,1,одноклассники
125,,88,М,14591.0,60.0,плацкарт,Нет,Нет,NA,г. Санкт-Петербург,NA,NA,NA,NA,одноклассники
126,,46,Ж,13170.0,66.0,плацкарт,Нет,Нет,NA,г. Пенза,NA,NA,NA,NA,Нет
127,,57,Ж,17451.0,74.0,плацкарт,Да,Нет,NA,г. Хабаровск,в браке,высшее,NA,2,facebook
128,,26,М,21082.0,70.0,купе,Нет,Нет,NA,г. Мытищи,NA,NA,NA,Нет,Нет
129,,87,Ж,12686.0,39.0,купе,Да,Нет,NA,г. Краснодар,NA,высшее,Нет,NA,instagram
130,,42,Ж,10304.0,38.0,плацкарт,Нет,Нет,NA,г. Волгоград,NA,NA,NA,Нет,Нет
131,,48,Ж,19584.0,63.0,купе,Нет,Нет,NA,г. Воронеж,NA,среднее общее,NA,Нет,Нет
132,,34,Ж,12681.0,34.0,СВ,Нет,Нет,NA,г. Воронеж,NA,NA,Нет,1,vk
133,,27,М,21367.0,51.0,люкс,Да,Нет,NA,г. Москва,в браке,NA,NA,NA,Нет
134,,69,Ж,25962.0,71.0,купе,Нет,Нет,NA,г. Мытищи,NA,NA,Нет,2,Нет
135,,59,Ж,31075.0,93.0,купе,Нет,Нет,Операторы промышленных установок и стационарногооборудования,г. Уфа,в браке,среднее общее,NA,Нет,facebook
136,,28,М,19448.0,55.0,купе,Нет,Нет,Водители и операторы подвижного оборудования,г. Санкт-Петербург,в браке,среднее общее,Нет,Нет,vk
137,,40,Ж,14358.0,49.0,купе,Нет,Нет,NA,г. Москва,NA,NA,Нет,NA,Нет
138,,40,М,19045.0,76.0,плацкарт,Нет,Нет,NA,г. Альметьевск,NA,среднее профессиональное,NA,NA,Нет
139,,27,Ж,16486.0,30.0,люкс,Нет,Нет,NA,г. Балаково,NA,NA,NA,3,Нет
140,,41,М,16084.0,62.0,плацкарт,Нет,Нет,Специалисты в области здравоохранения,г. Новосибирск,не состоял в браке,среднее общее,Нет,Нет,Нет
141,,35,М,18707.0,80.0,плацкарт,Нет,Нет,NA,г. Ставрополь,NA,среднее профессиональное,NA,NA,instagram
142,,43,Ж,20644.0,73.0,плацкарт,Нет,Нет,NA,г. Уссурийск,NA,NA,Нет,Нет,Нет
143,,23,Ж,8067.0,42.0,плацкарт,Нет,Нет,NA,г. Волгоград,NA,среднее профессиональное,NA,1,vk
144,,33,М,14024.0,70.0,плацкарт,Нет,Нет,NA,г. Москва,NA,высшее,NA,2,instagram
145,,37,Ж,12473.0,54.0,плацкарт,Нет,Нет,"Рабочие, занятые в строительстве, и рабочие родственных занятий (за исключением электриков)",г. Новочеркасск,разведена,NA,NA,Нет,facebook
146,,22,Ж,22114.0,74.0,купе,Нет,Нет,NA,г. Дзержинск,NA,NA,NA,4,facebook
147,,33,М,15444.0,58.0,плацкарт,Нет,Нет,"Специалисты в области права, гуманитарных областей и культуры",г. Рубцовск,не состоял в браке,NA,NA,NA,Нет
148,,38,Ж,23119.0,79.0,купе,Нет,Нет,NA,г. Улан-Удэ,NA,NA,Да,Нет,instagram
149,,44,М,18738.0,54.0,купе,Нет,Нет,NA,г. Саратов,NA,среднее общее,NA,Нет,Нет
150,,59,М,13853.0,41.0,купе,Да,Нет,NA,г. Владивосток,в браке,NA,Нет,NA,facebook
151,,19,М,19266.0,48.0,СВ,Нет,Нет,NA,г. Батайск,NA,NA,Нет,1,facebook
152,,71,М,10162.0,43.0,плацкарт,Нет,Нет,NA,г. Рыбинск,NA,NA,NA,NA,Нет
153,,42,Ж,11485.0,41.0,плацкарт,Нет,Нет,Водители и операторы подвижного оборудования,г. Севастополь,NA,NA,NA,Нет,Нет
154,,21,М,25120.0,73.0,купе,Да,Нет,NA,г. Обнинск,NA,NA,NA,Нет,vk
155,,42,М,18310.0,72.0,плацкарт,Нет,Нет,NA,г. Братск,NA,высшее,NA,1,Нет
156,,71,Ж,25811.0,89.0,купе,Нет,Нет,NA,г. Хабаровск,разведена,NA,NA,NA,facebook
157,,25,М,13632.0,53.0,плацкарт,Нет,Нет,NA,г. Воронеж,не состоял в браке,NA,NA,NA,Нет
158,,48,Ж,12091.0,52.0,плацкарт,Нет,Нет,NA,г. Улан-Удэ,NA,среднее профессиональное,NA,NA,Нет
159,,80,Ж,15890.0,72.0,плацкарт,Да,Нет,NA,г. Воронеж,в браке,среднее общее,NA,5,Нет
160,,80,Ж,19039.0,74.0,плацкарт,Нет,Нет,NA,г. Хабаровск,NA,NA,Нет,Нет,одноклассники
161,,18,М,13974.0,59.0,плацкарт,Нет,Нет,NA,г. Санкт-Петербург,NA,NA,NA,4,Нет
162,,39,Ж,11874.0,47.0,плацкарт,Нет,Нет,NA,г. Оренбург,NA,NA,NA,2,Нет
163,,29,Ж,10009.0,34.0,купе,Нет,Нет,NA,г. Владивосток,не состояла в браке,среднее профессиональное,NA,Нет,vk
164,,17,Ж,16032.0,63.0,плацкарт,Нет,Нет,NA,г. Рыбинск,NA,NA,NA,Нет,Нет
165,,33,М,21542.0,68.0,купе,Нет,Нет,NA,г. Череповец,в браке,NA,NA,Нет,facebook
166,,47,Ж,17663.0,67.0,плацкарт,Нет,Нет,NA,г. Санкт-Петербург,NA,NA,Да,1,Нет
167,,20,Ж,17747.0,57.0,купе,Нет,Нет,NA,г. Нижневартовск,не состояла в браке,высшее,NA,3,Нет
168,,81,М,28397.0,99.0,купе,Нет,Нет,NA,г. Санкт-Петербург,в браке,NA,NA,2,facebook
169,,44,М,21035.0,84.0,плацкарт,Нет,Нет,NA,г. Челябинск,NA,NA,Да,Нет,Нет
170,,60,М,15280.0,51.0,купе,Нет,Нет,NA,г. Керчь,NA,среднее профессиональное,NA,Нет,Нет
171,,81,М,13642.0,49.0,плацкарт,Нет,Нет,NA,г. Пенза,NA,NA,NA,NA,Нет
172,,58,Ж,9150.0,32.0,купе,Нет,Нет,Средний медицинский персонал здравоохранения,г. Белгород,разведена,среднее профессиональное,Да,1,instagram
173,,40,Ж,17947.0,77.0,плацкарт,Нет,Нет,NA,г. Москва,NA,высшее,NA,NA,Нет
174,,23,Ж,19661.0,57.0,купе,Нет,Нет,NA,г. Евпатория,NA,NA,NA,Нет,одноклассники
175,,44,Ж,11817.0,42.0,плацкарт,Нет,Нет,NA,г. Москва,NA,высшее,NA,NA,Нет
176,,48,Ж,21145.0,76.0,плацкарт,Нет,Нет,NA,г. Севастополь,NA,NA,Да,Нет,Нет
177,,69,М,14728.0,47.0,купе,Нет,Нет,NA,г. Москва,NA,NA,NA,Нет,Нет
178,,41,Ж,16478.0,60.0,плацкарт,Нет,Нет,"Неквалифицированные рабочие, занятые в горнодобывающей промышленности, строительстве, обрабатывающей промышленности и на транспорте",г. Екатеринбург,NA,NA,NA,1,Нет
179,,32,Ж,21646.0,82.0,плацкарт,Да,Нет,NA,г. Барнаул,NA,NA,Нет,Нет,facebook
180,,32,М,15683.0,56.0,плацкарт,Нет,Нет,NA,г. Санкт-Петербург,NA,NA,Нет,1,facebook
181,,57,Ж,3821.0,12.0,купе,Нет,Нет,NA,г. Калининград,NA,среднее общее,NA,Нет,facebook
182,,41,Ж,23715.0,83.0,купе,Нет,Нет,NA,г. Владикавказ,NA,NA,NA,NA,Нет
183,,53,Ж,14857.0,56.0,плацкарт,Да,Нет,NA,г. Энгельс,в браке,NA,Нет,Нет,одноклассники
184,,15,М,13605.0,57.0,плацкарт,Нет,Нет,NA,г. Новокуйбышевск,NA,NA,NA,Нет,одноклассники
185,,29,Ж,13452.0,50.0,плацкарт,Нет,Нет,Водители и операторы подвижного оборудования,г. Ульяновск,не состояла в браке,NA,NA,Нет,vk
186,,45,М,27256.0,102.0,плацкарт,Нет,Нет,NA,г. Екатеринбург,NA,NA,Нет,Нет,Нет
187,,56,Ж,22624.0,77.0,купе,Да,Нет,NA,г. Воронеж,NA,NA,NA,Нет,Нет
188,,50,Ж,2958.0,23.0,плацкарт,Нет,Нет,NA,г. Новосибирск,NA,среднее профессиональное,NA,Нет,facebook
189,,24,М,12082.0,55.0,плацкарт,Нет,Нет,NA,г. Курган,не состоял в браке,NA,NA,4,vk
190,,35,Ж,15770.0,42.0,СВ,Нет,Нет,NA,г. Москва,NA,среднее профессиональное,NA,Нет,instagram
191,,24,Ж,13329.0,54.0,плацкарт,Нет,Нет,NA,г. Каменск - Уральский,в браке,высшее,NA,Нет,Нет
192,,56,Ж,23809.0,63.0,СВ,Нет,Нет,NA,г. Калининград,в браке,среднее профессиональное,Нет,5,facebook
193,,19,М,19712.0,74.0,плацкарт,Нет,Нет,NA,г. Чита,NA,NA,Нет,NA,vk
194,,73,М,18654.0,51.0,купе,Нет,Нет,NA,г. Краснодар,NA,среднее профессиональное,NA,Нет,одноклассники
195,,29,Ж,26436.0,101.0,плацкарт,Нет,Нет,NA,г. Волгоград,в браке,NA,NA,Нет,Нет
196,,29,Ж,20707.0,72.0,купе,Нет,Нет,Водители и операторы подвижного оборудования,г. Москва,в браке,среднее общее,Нет,1,vk
197,,39,Ж,16796.0,49.0,купе,Нет,Нет,NA,г. Чебоксары,NA,NA,Нет,Нет,одноклассники
198,,39,М,19908.0,96.0,плацкарт,Нет,Нет,NA,г. Челябинск,NA,NA,Да,1,instagram
199,,45,Ж,15322.0,87.0,плацкарт,Нет,Нет,NA,г. Омск,NA,NA,NA,Нет,Нет
200,,44,Ж,21597.0,71.0,купе,Нет,Нет,NA,г. Новосибирск,в браке,среднее профессиональное,NA,NA,Нет
201,,94,М,22586.0,92.0,плацкарт,Нет,Нет,NA,г. Санкт-Петербург,NA,NA,Нет,NA,Нет
202,,61,Ж,17898.0,67.0,плацкарт,Нет,Нет,NA,г. Красноярск,NA,среднее профессиональное,Нет,NA,Нет
203,,30,Ж,18748.0,84.0,плацкарт,Нет,Нет,NA,г. Екатеринбург,NA,среднее профессиональное,NA,Нет,vk
204,,61,Ж,22538.0,80.0,плацкарт,Нет,Нет,NA,г. Октябрьский,NA,NA,NA,NA,Нет
205,,50,М,16058.0,70.0,плацкарт,Нет,Да,Водители и операторы подвижного оборудования,г. Дзержинск,NA,высшее,NA,2,Нет
206,,67,Ж,18687.0,65.0,купе,Нет,Нет,NA,г. Уфа,в браке,NA,NA,NA,Нет
207,,29,Ж,17910.0,71.0,плацкарт,Нет,Нет,NA,г. Санкт-Петербург,в браке,среднее профессиональное,NA,NA,Нет
208,,73,Ж,21758.0,72.0,купе,Да,Нет,NA,г. Москва,NA,NA,NA,NA,Нет
209,,91,Ж,15846.0,60.0,плацкарт,Нет,Нет,NA,г. Москва,NA,среднее общее,NA,NA,Нет
210,,60,М,14160.0,55.0,плацкарт,Нет,Нет,NA,г. Ставрополь,NA,NA,Нет,NA,Нет
211,,43,Ж,20099.0,56.0,купе,Нет,Нет,NA,г. Екатеринбург,NA,NA,NA,NA,Нет
212,,47,М,17701.0,76.0,плацкарт,Нет,Нет,Средний специальный персонал по экономической и административной деятельности,г. Санкт-Петербург,NA,NA,Нет,Нет,Нет
213,,24,Ж,24265.0,76.0,купе,Нет,Нет,"Рабочие, занятые в металлообрабатывающем и машиностроительном производстве, механики и ремонтники",г. Саратов,NA,NA,NA,1,Нет
214,,52,Ж,19895.0,76.0,плацкарт,Нет,Нет,NA,г. Пенза,в браке,NA,NA,NA,instagram
215,,58,Ж,23293.0,94.0,плацкарт,Нет,Нет,Водители и операторы подвижного оборудования,г. Новосибирск,в браке,среднее общее,NA,1,tiktok
216,,31,М,24062.0,69.0,купе,Нет,Нет,NA,г. Новокузнецк,в браке,высшее,NA,NA,vk
217,,34,М,25054.0,87.0,купе,Нет,Нет,NA,г. Армавир,NA,высшее,Нет,2,facebook
218,,83,Ж,25985.0,97.0,плацкарт,Нет,Нет,NA,г. Сергиев Посад,NA,высшее,NA,Нет,Нет
219,,79,Ж,18960.0,81.0,плацкарт,Нет,Нет,NA,г. Саранск,разведена,высшее,Нет,Нет,одноклассники
220,,72,Ж,20430.0,98.0,плацкарт,Нет,Нет,NA,г. Пермь,NA,NA,NA,Нет,одноклассники
221,,41,Ж,16153.0,59.0,плацкарт,Нет,Нет,NA,г. Казань,NA,среднее профессиональное,NA,2,Нет
222,,31,М,15180.0,52.0,купе,Нет,Нет,Водители и операторы подвижного оборудования,г. Москва,в браке,NA,NA,Нет,vk
223,,58,Ж,15985.0,60.0,плацкарт,Нет,Нет,NA,г. Волгоград,NA,высшее,NA,Нет,instagram
224,,32,Ж,16288.0,75.0,плацкарт,Нет,Нет,NA,г. Железногорск,в браке,среднее профессиональное,Нет,NA,facebook
225,,35,М,8845.0,35.0,плацкарт,Нет,Нет,NA,г. Красноярск,NA,NA,NA,2,vk
226,,57,Ж,12714.0,53.0,плацкарт,Нет,Нет,NA,г. Березники,NA,среднее общее,Да,NA,vk
227,,69,М,15863.0,56.0,плацкарт,Нет,Нет,NA,г. Архангельск,NA,высшее,NA,NA,Нет
228,,17,Ж,22664.0,77.0,купе,Нет,Нет,NA,г. Сызрань,NA,NA,NA,Нет,facebook
229,,75,М,24473.0,73.0,купе,Нет,Нет,NA,г. Томск,NA,NA,NA,1,facebook
230,,26,М,17400.0,63.0,плацкарт,Нет,Нет,NA,г. Москва,NA,среднее профессиональное,NA,3,tiktok
231,,25,Ж,22231.0,69.0,купе,Нет,Нет,NA,г. Самара,NA,NA,NA,NA,Нет
232,,39,М,21873.0,86.0,плацкарт,Нет,Нет,"Рабочие, занятые в металлообрабатывающем и машиностроительном производстве, механики и ремонтники",г. Астрахань,NA,высшее,NA,NA,Нет
233,,52,М,28566.0,94.0,купе,Нет,Нет,NA,г. Санкт-Петербург,в браке,среднее профессиональное,NA,NA,одноклассники
234,,60,М,12489.0,50.0,плацкарт,Нет,Нет,NA,г. Томск,NA,NA,NA,Нет,Нет
235,,49,Ж,18716.0,42.0,люкс,Нет,Нет,NA,г. Волгоград,в браке,NA,NA,Нет,Нет
236,,62,М,16115.0,57.0,плацкарт,Нет,Нет,NA,г. Тверь,NA,NA,NA,2,Нет
237,,38,Ж,17074.0,43.0,СВ,Нет,Нет,Специалисты-техники в области науки и техники,г. Энгельс,в браке,среднее общее,NA,Нет,facebook
238,,54,Ж,19182.0,61.0,купе,Нет,Нет,NA,г. Воронеж,NA,NA,NA,1,Нет
239,,29,М,11770.0,44.0,плацкарт,Нет,Нет,NA,г. Москва,NA,среднее профессиональное,NA,Нет,Нет
240,,30,М,18474.0,80.0,плацкарт,Нет,Нет,NA,г. Омск,NA,высшее,NA,Нет,Нет
241,,53,Ж,14951.0,54.0,плацкарт,Нет,Нет,NA,г. Казань,NA,среднее общее,NA,Нет,Нет
242,,51,Ж,11547.0,62.0,плацкарт,Нет,Нет,NA,г. Москва,NA,NA,Нет,NA,одноклассники
243,,61,Ж,7770.0,39.0,плацкарт,Нет,Нет,NA,г. Ижевск,NA,NA,Да,Нет,Нет
244,,74,М,25996.0,89.0,купе,Нет,Нет,NA,г. Железногорск,NA,NA,NA,4,facebook
245,,42,Ж,27874.0,96.0,купе,Нет,Нет,"Рабочие, занятые в металлообрабатывающем и машиностроительном производстве, механики и ремонтники",г. Екатеринбург,NA,высшее,NA,NA,Нет
246,,81,М,19711.0,62.0,купе,Нет,Нет,NA,г. Зеленодольск,в браке,среднее профессиональное,NA,1,одноклассники
247,,39,Ж,20382.0,61.0,купе,Нет,Нет,Уборщики и прислуга ,г. Якутск,NA,среднее профессиональное,NA,NA,Нет
248,,40,Ж,19304.0,72.0,плацкарт,Нет,Нет,NA,г. Москва,в браке,NA,NA,Нет,Нет
249,,78,М,14750.0,71.0,плацкарт,Нет,Нет,NA,г. Новый Уренгой,NA,NA,Нет,NA,одноклассники
250,,26,Ж,19331.0,81.0,плацкарт,Нет,Нет,NA,г. Воронеж,NA,NA,NA,NA,Нет
251,,72,Ж,20471.0,75.0,плацкарт,Нет,Нет,NA,г. Санкт-Петербург,в браке,NA,NA,Нет,Нет
252,,42,М,26804.0,89.0,купе,Нет,Нет,Специалисты в сфере бизнеса и администрирования,г. Челябинск,NA,высшее,Да,Нет,Нет
253,,49,Ж,16922.0,65.0,плацкарт,Нет,Нет,NA,г. Москва,NA,NA,NA,1,Нет
254,,37,М,17698.0,77.0,плацкарт,Нет,Нет,NA,г. Москва,в браке,NA,NA,NA,tiktok
255,,54,М,15253.0,35.0,люкс,Нет,Нет,NA,г. Тольятти,NA,NA,NA,4,Нет
256,,38,М,28056.0,94.0,купе,Нет,Нет,NA,г. Великий Новгород,NA,среднее профессиональное,Да,Нет,instagram
257,,35,М,18706.0,83.0,плацкарт,Нет,Нет,Водители и операторы подвижного оборудования,г. Саратов,NA,NA,NA,1,Нет
258,,89,М,24955.0,80.0,купе,Нет,Нет,NA,г. Тольятти,NA,NA,NA,1,одноклассники
259,,66,М,18893.0,52.0,купе,Нет,Нет,NA,г. Вологда,NA,среднее общее,NA,3,Нет
260,,66,М,18860.0,65.0,купе,Да,Нет,NA,г. Санкт-Петербург,в браке,среднее профессиональное,NA,1,Нет
261,,47,М,14550.0,78.0,плацкарт,Нет,Нет,NA,г. Ангарск,разведен,NA,Да,NA,Нет
262,,78,Ж,19445.0,59.0,купе,Нет,Нет,NA,г. Челябинск,NA,NA,NA,1,facebook
263,,52,М,20176.0,72.0,плацкарт,Нет,Нет,NA,г. Владивосток,NA,NA,Нет,2,facebook
264,,45,М,21374.0,71.0,купе,Нет,Нет,NA,г. Сургут,разведен,высшее,Нет,2,Нет
265,,23,Ж,17079.0,60.0,плацкарт,Нет,Нет,NA,г. Ульяновск,не состояла в браке,высшее,Нет,Нет,vk
266,,34,М,8247.0,55.0,плацкарт,Нет,Нет,Средний медицинский персонал здравоохранения,г. Белгород,в браке,высшее,NA,1,Нет
267,,65,Ж,18138.0,80.0,плацкарт,Нет,Нет,NA,г. Санкт-Петербург,NA,среднее профессиональное,NA,3,Нет
268,,73,Ж,17342.0,70.0,плацкарт,Нет,Нет,NA,г. Орёл,NA,среднее профессиональное,NA,Нет,Нет
269,,37,Ж,20190.0,75.0,плацкарт,Нет,Нет,Продавцы,г. Уфа,в браке,среднее общее,NA,Нет,facebook
270,,60,М,15830.0,55.0,купе,Нет,Нет,NA,г. Арзамас,NA,NA,NA,4,Нет
271,,54,Ж,21996.0,65.0,купе,Нет,Нет,NA,г. Балаково,NA,NA,NA,5,facebook
272,,42,Ж,28704.0,82.0,купе,Нет,Нет,Водители и операторы подвижного оборудования,г. Магнитогорск,NA,NA,NA,3,Нет
273,,32,М,13577.0,65.0,плацкарт,Нет,Нет,NA,г. Пермь,в браке,NA,Да,4,tiktok
274,,18,Ж,20129.0,80.0,плацкарт,Нет,Нет,NA,г. Санкт-Петербург,NA,NA,Нет,NA,tiktok
275,,20,М,23319.0,87.0,плацкарт,Нет,Нет,NA,г. Махачкала,не состоял в браке,NA,NA,1,facebook
276,,70,Ж,17659.0,80.0,плацкарт,Нет,Нет,NA,г. Москва,NA,высшее,Нет,Нет,одноклассники
277,,44,М,16566.0,67.0,плацкарт,Нет,Нет,Операторы промышленных установок и стационарногооборудования,г. Ижевск,в браке,среднее профессиональное,NA,Нет,Нет
278,,44,Ж,14675.0,68.0,плацкарт,Нет,Нет,NA,г. Москва,NA,высшее,Да,Нет,Нет
279,,33,М,20029.0,80.0,плацкарт,Нет,Нет,NA,г. Санкт-Петербург,не состоял в браке,NA,NA,Нет,Нет
280,,31,Ж,21870.0,70.0,купе,Нет,Нет,"Специалисты в области права, гуманитарных областей и культуры",г. Екатеринбург,NA,высшее,Нет,Нет,одноклассники
281,,47,Ж,14375.0,48.0,купе,Нет,Нет,NA,г. Санкт-Петербург,в браке,NA,NA,NA,Нет
282,,41,Ж,15283.0,47.0,купе,Да,Нет,NA,г. Рязань,NA,высшее,Нет,Нет,Нет
283,,45,Ж,11815.0,59.0,плацкарт,Нет,Нет,NA,г. Новороссийск,NA,NA,NA,NA,Нет
284,,39,М,20334.0,80.0,плацкарт,Нет,Нет,NA,г. Иркутск,NA,NA,NA,Нет,instagram
285,,51,Ж,13836.0,72.0,плацкарт,Нет,Нет,NA,г. Якутск,в браке,высшее,NA,2,vk
286,,81,М,14007.0,55.0,плацкарт,Нет,Нет,NA,г. Саратов,вдовец,среднее профессиональное,NA,Нет,Нет
287,,40,Ж,13122.0,54.0,плацкарт,Да,Нет,NA,г. Ульяновск,в браке,NA,NA,NA,Нет
288,,64,М,20617.0,82.0,плацкарт,Нет,Нет,NA,г. Ростов-на-Дону,NA,NA,NA,NA,Нет
289,,39,М,27937.0,89.0,купе,Нет,Нет,NA,г. Москва,NA,NA,NA,3,instagram
290,,53,Ж,18326.0,63.0,купе,Нет,Нет,NA,г. Тверь,NA,NA,NA,NA,одноклассники
291,,67,М,21597.0,54.0,СВ,Нет,Нет,NA,г. Москва,в браке,NA,NA,Нет,Нет
292,,21,М,18868.0,73.0,плацкарт,Нет,Нет,NA,г. Абакан,NA,высшее,Нет,Нет,facebook
293,,22,М,28790.0,103.0,плацкарт,Нет,Нет,NA,г. Москва,в браке,высшее,NA,Нет,instagram
294,,33,М,8505.0,50.0,плацкарт,Да,Нет,NA,г. Тюмень,NA,среднее профессиональное,NA,4,facebook
295,,38,Ж,9643.0,42.0,плацкарт,Нет,Нет,"Рабочие, занятые в металлообрабатывающем и машиностроительном производстве, механики и ремонтники",г. Челябинск,NA,NA,NA,Нет,Нет
296,,59,М,24059.0,75.0,купе,Нет,Нет,NA,г. Москва,NA,высшее,NA,Нет,facebook
297,,27,Ж,14596.0,41.0,купе,Нет,Нет,NA,г. Йошкар-Ола,в браке,среднее профессиональное,NA,2,Нет
298,,93,М,9823.0,30.0,купе,Нет,Нет,NA,г. Санкт-Петербург,вдовец,NA,NA,4,Нет
299,,69,Ж,19991.0,67.0,купе,Нет,Нет,NA,г. Красноярск,не состояла в браке,среднее профессиональное,NA,NA,Нет
300,,62,М,23296.0,81.0,купе,Нет,Нет,NA,г. Копейск,NA,высшее,Нет,5,Нет
301,,61,Ж,26567.0,109.0,плацкарт,Да,Нет,NA,г. Москва,NA,среднее общее,Нет,1,Нет
302,,54,М,16952.0,60.0,плацкарт,Нет,Нет,Операторы промышленных установок и стационарногооборудования,г. Екатеринбург,NA,высшее,NA,NA,Нет
303,,39,М,24696.0,75.0,купе,Нет,Нет,NA,г. Санкт-Петербург,NA,среднее профессиональное,Да,NA,tiktok
304,,31,Ж,10183.0,25.0,СВ,Нет,Нет,NA,г. Орёл,в браке,NA,NA,NA,Нет
305,,22,М,20653.0,79.0,плацкарт,Нет,Нет,Операторы промышленных установок и стационарногооборудования,г. Армавир,NA,высшее,NA,1,facebook
306,,50,Ж,26665.0,92.0,купе,Нет,Нет,Водители и операторы подвижного оборудования,г. Сочи,в браке,NA,Нет,Нет,facebook
307,,28,М,20507.0,60.0,купе,Да,Нет,NA,г. Люберцы,NA,NA,Да,Нет,facebook
308,,48,Ж,27199.0,93.0,купе,Нет,Нет,NA,г. Уфа,NA,NA,Да,NA,Нет
309,,88,Ж,26623.0,83.0,купе,Нет,Нет,NA,г. Нижний Новгород,NA,NA,NA,4,Нет
310,,53,М,20458.0,96.0,плацкарт,Нет,Нет,NA,г. Иркутск,NA,NA,NA,Нет,instagram
311,,15,М,17516.0,64.0,плацкарт,Нет,Нет,NA,г. Нижний Новгород,NA,NA,Нет,Нет,одноклассники
312,,38,М,18934.0,41.0,люкс,Нет,Нет,NA,г. Краснодар,NA,NA,NA,2,Нет
313,,40,Ж,22392.0,69.0,купе,Да,Нет,NA,г. Химки,NA,NA,NA,Нет,Нет
314,,85,М,9582.0,41.0,плацкарт,Да,Нет,NA,г. Обнинск,NA,среднее профессиональное,NA,3,Нет
315,,20,М,10953.0,57.0,плацкарт,Нет,Нет,NA,г. Тверь,NA,высшее,Нет,Нет,instagram
316,,32,М,20399.0,55.0,СВ,Нет,Нет,NA,г. Чита,разведен,NA,NA,Нет,instagram
317,,28,Ж,21127.0,68.0,купе,Да,Нет,NA,г. Санкт-Петербург,NA,NA,NA,1,tiktok
318,,70,М,12055.0,45.0,плацкарт,Нет,Нет,NA,г. Санкт-Петербург,вдовец,NA,NA,Нет,facebook
319,,46,Ж,11905.0,56.0,плацкарт,Нет,Нет,NA,г. Москва,NA,среднее общее,NA,2,Нет
320,,41,Ж,25282.0,99.0,плацкарт,Нет,Нет,NA,г. Махачкала,в браке,NA,NA,Нет,Нет
321,,44,М,10954.0,36.0,купе,Нет,Нет,"Работники служб, осуществляющих охрану граждан и собственности",г. Москва,разведен,высшее,NA,NA,Нет
322,,27,Ж,15740.0,54.0,купе,Нет,Нет,NA,г. Санкт-Петербург,разведена,NA,NA,Нет,facebook
323,,40,Ж,19675.0,93.0,плацкарт,Нет,Нет,NA,г. Москва,NA,NA,NA,1,Нет
324,,60,М,14991.0,34.0,люкс,Нет,Нет,NA,г. Наб. Челны,NA,NA,NA,NA,Нет
325,,42,Ж,19396.0,67.0,купе,Нет,Нет,NA,г. Красноярск,NA,среднее общее,NA,NA,Нет
326,,81,М,12732.0,50.0,плацкарт,Да,Нет,NA,г. Новосибирск,NA,NA,Да,1,одноклассники
327,,43,Ж,20950.0,75.0,плацкарт,Нет,Нет,NA,г. Прокопьевск,NA,NA,NA,5,Нет
328,,54,Ж,19618.0,71.0,плацкарт,Нет,Нет,NA,г. Сызрань,NA,среднее профессиональное,NA,NA,Нет
329,,59,Ж,15776.0,69.0,плацкарт,Нет,Нет,"Работники служб, осуществляющих охрану граждан и собственности",г. Воронеж,вдова,высшее,NA,5,одноклассники
330,,26,М,18722.0,80.0,плацкарт,Нет,Нет,NA,г. Новокузнецк,NA,NA,NA,Нет,Нет
331,,40,М,13850.0,46.0,купе,Нет,Нет,NA,г. Санкт-Петербург,NA,среднее профессиональное,NA,1,Нет
332,,64,Ж,20462.0,85.0,плацкарт,Нет,Нет,NA,г. Сергиев Посад,NA,NA,NA,1,Нет
333,,35,Ж,21590.0,73.0,купе,Нет,Нет,NA,г. Москва,NA,среднее профессиональное,NA,4,Нет
334,,48,Ж,11557.0,48.0,плацкарт,Нет,Нет,Средний медицинский персонал здравоохранения,г. Саратов,NA,NA,NA,2,Нет
335,,85,Ж,14825.0,47.0,купе,Нет,Нет,NA,г. Электросталь,NA,NA,NA,Нет,Нет
336,,29,Ж,14871.0,64.0,плацкарт,Нет,Нет,Специалисты в области науки и техники,г. Владивосток,в браке,NA,NA,NA,instagram
337,,35,М,12125.0,58.0,плацкарт,Нет,Нет,NA,г. Майкоп,в браке,среднее профессиональное,NA,Нет,Нет
338,,51,Ж,23851.0,76.0,купе,Нет,Нет,NA,г. Курган,NA,высшее,NA,Нет,instagram
339,,47,М,21546.0,79.0,плацкарт,Нет,Нет,Водители и операторы подвижного оборудования,г. Краснодар,NA,среднее профессиональное,NA,NA,Нет
340,,35,Ж,14276.0,58.0,плацкарт,Нет,Нет,Водители и операторы подвижного оборудования,г. Волгодонск,NA,NA,Нет,Нет,одноклассники
341,,41,М,19644.0,72.0,плацкарт,Нет,Нет,Водители и операторы подвижного оборудования,г. Владивосток,NA,NA,Нет,Нет,Нет
342,,28,М,26741.0,76.0,купе,Нет,Нет,NA,г. Москва,NA,NA,NA,1,Нет
343,,51,М,23240.0,88.0,плацкарт,Нет,Нет,Уборщики и прислуга ,г. Сургут,NA,среднее профессиональное,Нет,5,одноклассники
344,,37,Ж,18602.0,71.0,плацкарт,Нет,Нет,NA,г. Москва,NA,NA,NA,Нет,Нет
345,,69,М,12763.0,31.0,СВ,Нет,Да,NA,г. Улан-Удэ,NA,среднее профессиональное,Нет,5,Нет
346,,27,Ж,20671.0,78.0,плацкарт,Нет,Нет,NA,г. Волгоград,не состояла в браке,среднее общее,NA,2,Нет
347,,56,Ж,14942.0,60.0,плацкарт,Нет,Нет,NA,г. Москва,NA,высшее,NA,Нет,одноклассники
348,,15,Ж,19139.0,55.0,купе,Нет,Нет,NA,г. Новороссийск,NA,NA,Нет,Нет,instagram
349,,69,М,26004.0,82.0,купе,Нет,Нет,NA,г. Тамбов,NA,NA,NA,Нет,Нет
350,,35,Ж,25448.0,89.0,купе,Да,Нет,"Неквалифицированные рабочие, занятые в горнодобывающей промышленности, строительстве, обрабатывающей промышленности и на транспорте",г. Воронеж,в браке,NA,NA,3,одноклассники
351,,69,М,23206.0,76.0,купе,Нет,Нет,NA,г. Балашиха,NA,NA,NA,Нет,Нет
352,,81,М,21176.0,79.0,плацкарт,Нет,Нет,NA,г. Саранск,NA,NA,NA,NA,одноклассники
353,,44,Ж,10998.0,56.0,плацкарт,Да,Нет,Водители и операторы подвижного оборудования,г. Волгоград,NA,среднее профессиональное,NA,4,Нет
354,,36,М,12059.0,55.0,плацкарт,Нет,Нет,NA,г. Орёл,NA,среднее общее,NA,NA,vk
355,,29,М,11616.0,48.0,плацкарт,Нет,Нет,NA,г. Ростов-на-Дону,NA,NA,NA,3,Нет
356,,38,М,20080.0,56.0,купе,Нет,Нет,Водители и операторы подвижного оборудования,г. Москва,NA,среднее профессиональное,NA,NA,Нет
357,,67,Ж,15570.0,66.0,плацкарт,Нет,Нет,NA,г. Владимир,в браке,NA,NA,NA,Нет
358,,33,Ж,25676.0,72.0,купе,Нет,Нет,NA,г. Москва,NA,высшее,NA,1,Нет
359,,36,Ж,18877.0,57.0,купе,Нет,Нет,"Рабочие, занятые в металлообрабатывающем и машиностроительном производстве, механики и ремонтники",г. Калининград,NA,NA,NA,4,Нет
360,,47,Ж,20344.0,66.0,купе,Да,Нет,NA,г. Санкт-Петербург,NA,среднее общее,NA,NA,Нет
361,,67,Ж,14048.0,46.0,купе,Нет,Нет,NA,г. Чебоксары,NA,NA,NA,Нет,Нет
362,,48,Ж,21553.0,74.0,купе,Нет,Нет,NA,г. Хабаровск,разведена,NA,Да,Нет,Нет
363,,72,Ж,15172.0,51.0,купе,Нет,Нет,NA,г. Рязань,в браке,NA,NA,Нет,Нет
364,,21,М,15907.0,59.0,плацкарт,Нет,Нет,NA,г. Москва,NA,высшее,Нет,1,instagram
365,,34,Ж,19231.0,69.0,плацкарт,Нет,Нет,NA,г. Саратов,NA,NA,NA,5,Нет
366,,60,Ж,14719.0,48.0,купе,Нет,Нет,NA,г. Уссурийск,в браке,NA,NA,1,Нет
367,,54,Ж,26187.0,77.0,купе,Нет,Нет,NA,г. Ульяновск,не состояла в браке,среднее общее,NA,4,одноклассники
368,,33,М,27378.0,95.0,купе,Нет,Нет,"Рабочие, занятые в металлообрабатывающем и машиностроительном производстве, механики и ремонтники",г. Курган,NA,среднее профессиональное,NA,Нет,tiktok
369,,42,Ж,19375.0,61.0,купе,Нет,Нет,NA,г. Саратов,NA,среднее профессиональное,NA,NA,Нет
370,,76,Ж,9463.0,24.0,СВ,Нет,Нет,NA,г. Санкт-Петербург,NA,NA,NA,Нет,Нет
371,,51,М,14435.0,39.0,купе,Нет,Да,NA,г. Москва,в браке,высшее,Нет,1,одноклассники
372,,26,М,14607.0,43.0,купе,Нет,Нет,NA,г. Ростов-на-Дону,не состоял в браке,NA,Нет,Нет,instagram
373,,44,Ж,20057.0,65.0,купе,Нет,Нет,NA,г. Воронеж,NA,среднее профессиональное,NA,Нет,Нет
374,,45,М,18931.0,56.0,купе,Нет,Нет,NA,г. Краснодар,в браке,NA,NA,NA,Нет
375,,40,М,26812.0,67.0,СВ,Нет,Нет,NA,г. Калуга,NA,NA,NA,1,Нет
376,,48,Ж,10304.0,38.0,плацкарт,Нет,Нет,NA,г. Ставрополь,NA,среднее профессиональное,NA,Нет,Нет
377,,64,М,15725.0,61.0,плацкарт,Нет,Нет,NA,г. Воронеж,NA,NA,NA,1,Нет
378,,45,Ж,28232.0,81.0,купе,Нет,Нет,NA,г. Балашиха,NA,высшее,NA,3,Нет
379,,35,Ж,14371.0,43.0,купе,Нет,Нет,NA,г. Санкт-Петербург,NA,NA,NA,1,Нет
380,,53,Ж,14201.0,42.0,купе,Нет,Нет,NA,г. Белгород,в браке,NA,NA,Нет,facebook
381,,61,М,27098.0,87.0,купе,Нет,Нет,NA,г. Липецк,в браке,NA,Нет,1,Нет
382,,40,Ж,17784.0,47.0,СВ,Нет,Нет,Специалисты-техники в области науки и техники,г. Тюмень,NA,неполное высшее,NA,NA,Нет
383,,56,Ж,14335.0,55.0,плацкарт,Нет,Нет,NA,г. Прокопьевск,NA,высшее,NA,1,facebook
384,,66,Ж,15904.0,66.0,плацкарт,Нет,Нет,NA,г. Ногинск,в браке,высшее,NA,5,Нет
385,,49,Ж,22528.0,79.0,плацкарт,Нет,Нет,NA,г. Москва,NA,NA,NA,Нет,Нет
386,,54,Ж,18487.0,65.0,плацкарт,Нет,Нет,NA,г. Краснодар,NA,NA,NA,1,facebook
387,,58,М,11706.0,59.0,плацкарт,Нет,Нет,NA,г. Курск,NA,среднее общее,NA,Нет,Нет
388,,25,Ж,19596.0,48.0,СВ,Нет,Нет,NA,г. Красноярск,в браке,NA,NA,Нет,Нет
389,,42,Ж,24247.0,74.0,купе,Нет,Нет,Средний медицинский персонал здравоохранения,г. Волгоград,NA,NA,NA,5,Нет
390,,66,Ж,22720.0,65.0,купе,Нет,Нет,NA,г. Волжский,вдова,NA,Нет,NA,Нет
391,,19,М,14302.0,66.0,плацкарт,Нет,Нет,NA,г. Владикавказ,NA,NA,NA,NA,Нет
392,,27,М,25393.0,103.0,плацкарт,Нет,Нет,NA,г. Омск,NA,среднее профессиональное,NA,1,Нет
393,,28,М,26169.0,88.0,купе,Нет,Нет,NA,г. Орёл,NA,NA,NA,2,instagram
394,,24,Ж,15475.0,52.0,купе,Нет,Нет,NA,г. Пермь,NA,NA,NA,Нет,Нет
395,,26,М,19915.0,98.0,плацкарт,Нет,Нет,NA,г. Челябинск,в браке,среднее профессиональное,NA,2,vk
396,,30,М,8970.0,41.0,плацкарт,Нет,Нет,NA,г. Балашиха,NA,высшее,Да,1,instagram
397,,57,Ж,21972.0,83.0,плацкарт,Нет,Нет,Служащие в сфере обработки числовой информации и учета материальных ценностей,г. Пенза,в браке,NA,NA,1,instagram
398,,51,Ж,20629.0,58.0,купе,Нет,Нет,Средний специальный персонал по экономической и административной деятельности,г. Владивосток,NA,NA,NA,2,одноклассники
399,,50,М,18741.0,72.0,плацкарт,Нет,Нет,NA,г. Волгоград,NA,среднее общее,Нет,1,одноклассники
400,,52,М,18642.0,70.0,плацкарт,Нет,Нет,NA,г. Рязань,в браке,среднее общее,NA,Нет,facebook
401,,34,Ж,20345.0,73.0,плацкарт,Нет,Нет,"Специалисты в области права, гуманитарных областей и культуры",г. Благовещенск,NA,среднее профессиональное,NA,5,Нет
402,,62,Ж,33014.0,110.0,купе,Нет,Нет,NA,г. Москва,NA,NA,NA,NA,Нет
403,,49,М,15255.0,45.0,купе,Нет,Нет,NA,г. Пермь,NA,NA,Нет,Нет,Нет
404,,46,М,14332.0,43.0,купе,Нет,Нет,NA,г. Екатеринбург,в браке,NA,NA,Нет,Нет
405,,60,Ж,14849.0,52.0,купе,Да,Нет,NA,г. Москва,NA,NA,NA,NA,Нет
406,,46,Ж,8463.0,57.0,плацкарт,Нет,Нет,NA,г. Подольск,NA,высшее,NA,5,Нет
407,,83,М,16374.0,63.0,плацкарт,Нет,Нет,NA,г. Самара,в браке,NA,NA,NA,одноклассники
408,,49,Ж,19563.0,66.0,купе,Нет,Нет,NA,г. Ростов-на-Дону,NA,NA,Нет,2,Нет
409,,45,М,20818.0,71.0,купе,Нет,Нет,NA,г. Кисловодск,NA,NA,Нет,2,Нет
410,,28,Ж,14048.0,51.0,плацкарт,Нет,Нет,NA,г. Раменское,NA,NA,NA,NA,Нет
411,,24,Ж,12782.0,65.0,плацкарт,Нет,Нет,NA,г. Москва,не состояла в браке,среднее профессиональное,Нет,Нет,facebook
412,,69,Ж,18268.0,63.0,купе,Нет,Нет,NA,г. Таганрог,NA,NA,NA,NA,Нет
413,,22,Ж,13855.0,69.0,плацкарт,Нет,Нет,NA,г. Нижневартовск,NA,NA,NA,3,vk
414,,41,М,18746.0,65.0,купе,Нет,Нет,NA,г. Нижний Новгород,в браке,высшее,NA,1,Нет
415,,66,Ж,24603.0,68.0,купе,Нет,Нет,Специалисты в области образования,г. Нальчик,NA,среднее общее,Да,NA,Нет
416,,40,М,19532.0,68.0,купе,Нет,Нет,"Работники служб, осуществляющих охрану граждан и собственности",г. Йошкар-Ола,в браке,NA,Нет,Нет,Нет
417,,63,М,17993.0,64.0,плацкарт,Нет,Нет,NA,г. Ноябрьск,в браке,NA,NA,2,Нет
418,,66,Ж,12747.0,46.0,плацкарт,Нет,Нет,NA,г. Магнитогорск,NA,NA,NA,5,Нет
419,,60,Ж,22743.0,69.0,купе,Нет,Нет,NA,г. Новомосковск,NA,NA,NA,Нет,Нет
420,,63,М,6951.0,17.0,СВ,Нет,Нет,NA,г. Новороссийск,NA,неполное высшее,NA,Нет,Нет
421,,49,Ж,16088.0,41.0,СВ,Нет,Нет,"Рабочие, занятые в металлообрабатывающем и машиностроительном производстве, механики и ремонтники",г. Казань,NA,NA,NA,NA,Нет
422,,52,Ж,13653.0,77.0,плацкарт,Нет,Нет,NA,г. Сочи,NA,NA,NA,NA,Нет
423,,17,Ж,28300.0,88.0,купе,Нет,Нет,NA,г. Екатеринбург,не состояла в браке,NA,NA,Нет,Нет
424,,58,Ж,22591.0,75.0,купе,Нет,Нет,Водители и операторы подвижного оборудования,г. Астрахань,NA,высшее,NA,Нет,одноклассники
425,,64,М,15382.0,81.0,плацкарт,Нет,Нет,NA,г. Екатеринбург,NA,NA,Нет,Нет,Нет
426,,77,Ж,19584.0,78.0,плацкарт,Нет,Нет,NA,г. Москва,NA,среднее профессиональное,NA,5,Нет
427,,55,Ж,20019.0,77.0,плацкарт,Нет,Нет,NA,г. Армавир,NA,среднее общее,NA,NA,Нет
428,,43,М,23573.0,86.0,плацкарт,Нет,Нет,NA,г. Новокузнецк,NA,среднее общее,NA,NA,Нет
429,,36,Ж,18401.0,66.0,плацкарт,Нет,Нет,NA,г. Курск,NA,среднее профессиональное,Нет,NA,одноклассники
430,,72,М,18678.0,57.0,купе,Нет,Нет,NA,г. Нижний Новгород,вдовец,NA,NA,2,Нет
431,,44,Ж,17178.0,58.0,купе,Нет,Нет,NA,г. Новомосковск,NA,среднее профессиональное,NA,2,Нет
432,,21,М,6405.0,31.0,плацкарт,Нет,Нет,NA,г. Москва,NA,среднее профессиональное,NA,NA,tiktok
433,,48,Ж,18152.0,67.0,плацкарт,Нет,Нет,NA,г. Находка,в браке,NA,NA,Нет,Нет
434,,45,Ж,16464.0,54.0,купе,Нет,Нет,Специалисты-техники в области науки и техники,г. Челябинск,NA,среднее профессиональное,Нет,NA,Нет
435,,53,Ж,21917.0,82.0,плацкарт,Нет,Нет,NA,г. Пенза,NA,NA,NA,NA,одноклассники
436,,50,М,21158.0,61.0,купе,Нет,Нет,"Рабочие, занятые в строительстве, и рабочие родственных занятий (за исключением электриков)",г. Москва,NA,среднее общее,NA,2,одноклассники
437,,70,Ж,22014.0,66.0,купе,Нет,Нет,NA,г. Москва,в браке,высшее,NA,NA,facebook
438,,37,Ж,15480.0,60.0,плацкарт,Нет,Нет,NA,г. Санкт-Петербург,NA,NA,Нет,1,facebook
439,,37,М,28239.0,99.0,плацкарт,Нет,Нет,NA,г. Москва,NA,среднее профессиональное,NA,1,vk
440,,80,Ж,14130.0,41.0,купе,Нет,Да,NA,г. Санкт-Петербург,NA,NA,NA,Нет,одноклассники
441,,15,Ж,19027.0,75.0,плацкарт,Нет,Нет,NA,г. Москва,NA,NA,NA,Нет,Нет
442,,27,Ж,26200.0,82.0,купе,Нет,Нет,NA,г. Муром,NA,NA,NA,NA,tiktok
443,,30,Ж,15656.0,50.0,купе,Нет,Нет,Продавцы,г. Махачкала,NA,среднее профессиональное,Нет,Нет,facebook
444,,91,Ж,24800.0,81.0,купе,Нет,Нет,NA,г. Волжский,вдова,NA,NA,1,Нет
445,,42,М,23036.0,70.0,купе,Нет,Нет,NA,г. Санкт-Петербург,в браке,высшее,Нет,1,Нет
446,,41,Ж,17107.0,60.0,плацкарт,Нет,Нет,Специалисты в сфере бизнеса и администрирования,г. Рыбинск,NA,NA,NA,NA,Нет
447,,30,Ж,16699.0,67.0,плацкарт,Нет,Нет,NA,г. Краснодар,NA,высшее,Да,3,instagram
448,,21,Ж,11964.0,56.0,плацкарт,Нет,Нет,NA,г. Москва,не состояла в браке,NA,Нет,3,vk
449,,34,М,18913.0,79.0,плацкарт,Нет,Нет,Продавцы,г. Киров,NA,NA,Да,NA,instagram
450,,61,Ж,26065.0,83.0,купе,Нет,Нет,NA,г. Махачкала,NA,среднее профессиональное,NA,Нет,Нет
451,,48,Ж,17888.0,64.0,плацкарт,Нет,Нет,NA,г. Ижевск,NA,NA,NA,NA,Нет
452,,80,М,25308.0,85.0,купе,Нет,Нет,NA,г. Челябинск,в браке,NA,NA,Нет,Нет
453,,50,М,22746.0,88.0,плацкарт,Нет,Нет,NA,г. Иркутск,NA,NA,NA,NA,facebook
454,,56,Ж,8886.0,66.0,плацкарт,Нет,Нет,NA,г. Ярославль,NA,NA,Нет,1,одноклассники
455,,56,Ж,16565.0,56.0,купе,Нет,Нет,NA,г. Челябинск,NA,среднее общее,NA,2,Нет
456,,56,М,25589.0,83.0,купе,Нет,Нет,NA,г. Астрахань,в браке,NA,NA,Нет,Нет
457,,16,Ж,21579.0,85.0,плацкарт,Да,Нет,NA,г. Москва,NA,NA,Нет,Нет,facebook
458,,55,М,16015.0,72.0,плацкарт,Нет,Нет,"Рабочие, занятые в металлообрабатывающем и машиностроительном производстве, механики и ремонтники",г. Наб. Челны,в браке,NA,Нет,Нет,одноклассники
459,,66,М,19105.0,60.0,купе,Нет,Нет,NA,г. Москва,в браке,NA,Нет,NA,Нет
460,,42,М,12959.0,62.0,плацкарт,Нет,Нет,NA,г. Санкт-Петербург,в браке,среднее профессиональное,Нет,NA,Нет
461,,40,М,29837.0,89.0,купе,Нет,Нет,NA,г. Владивосток,NA,NA,Нет,Нет,Нет
462,,62,Ж,19686.0,66.0,купе,Нет,Нет,NA,г. Санкт-Петербург,NA,NA,NA,1,Нет
463,,20,М,13589.0,48.0,плацкарт,Нет,Нет,NA,г. Москва,NA,NA,NA,NA,instagram
464,,39,Ж,18454.0,89.0,плацкарт,Нет,Нет,NA,г. Ростов-на-Дону,в браке,среднее профессиональное,NA,NA,Нет
465,,36,М,16110.0,56.0,купе,Нет,Нет,NA,г. Новокузнецк,NA,среднее профессиональное,Нет,Нет,facebook
466,,22,Ж,11823.0,51.0,плацкарт,Нет,Нет,NA,г. Санкт-Петербург,NA,NA,NA,NA,facebook
467,,49,М,18538.0,63.0,купе,Нет,Нет,Продавцы,г. Челябинск,NA,среднее профессиональное,NA,Нет,Нет
468,,55,М,20293.0,72.0,плацкарт,Нет,Нет,Служащие в сфере обработки числовой информации и учета материальных ценностей,г. Кострома,NA,NA,Нет,Нет,одноклассники
469,,62,Ж,23582.0,69.0,купе,Да,Нет,NA,г. Саратов,NA,NA,Нет,Нет,Нет
470,,32,Ж,21214.0,69.0,купе,Нет,Нет,NA,г. Краснодар,NA,NA,NA,NA,Нет
471,,46,М,22390.0,80.0,плацкарт,Нет,Нет,Специалисты в области науки и техники,г. Ульяновск,в браке,NA,NA,1,Нет
472,,41,Ж,14393.0,56.0,плацкарт,Нет,Нет,NA,г. Элиста,не состояла в браке,NA,Да,NA,Нет
473,,85,М,17746.0,67.0,плацкарт,Нет,Нет,NA,г. Владивосток,NA,NA,NA,Нет,Нет
474,,16,Ж,18223.0,58.0,купе,Нет,Нет,NA,г. Челябинск,NA,NA,NA,Нет,tiktok
475,,25,Ж,15517.0,45.0,купе,Нет,Нет,NA,г. Москва,NA,NA,NA,3,tiktok
476,,32,М,24447.0,80.0,купе,Нет,Нет,NA,г. Омск,NA,NA,NA,NA,facebook
477,,54,Ж,19255.0,76.0,плацкарт,Да,Да,Специалисты в области науки и техники,г. Ростов-на-Дону,разведена,NA,Нет,NA,одноклассники
478,,56,Ж,26286.0,74.0,купе,Нет,Нет,NA,г. Санкт-Петербург,NA,NA,NA,Нет,instagram
479,,38,М,14593.0,50.0,купе,Нет,Нет,NA,г. Белгород,NA,NA,NA,NA,Нет
480,,43,Ж,12536.0,55.0,плацкарт,Нет,Нет,NA,г. Воронеж,разведена,NA,NA,Нет,Нет
481,,49,М,13896.0,48.0,купе,Нет,Нет,"Специалисты в области права, гуманитарных областей и культуры",г. Москва,NA,NA,NA,2,Нет
482,,47,М,12037.0,48.0,плацкарт,Нет,Нет,NA,г. Балашиха,в браке,среднее профессиональное,Нет,Нет,Нет
483,,32,Ж,16384.0,58.0,плацкарт,Нет,Нет,NA,г. Казань,NA,среднее профессиональное,NA,1,facebook
484,,43,М,20697.0,80.0,плацкарт,Нет,Нет,NA,г. Тамбов,в браке,NA,NA,NA,Нет
485,,29,Ж,19020.0,56.0,купе,Нет,Нет,NA,г. Москва,NA,среднее профессиональное,NA,Нет,Нет
486,,56,Ж,17833.0,66.0,плацкарт,Нет,Нет,NA,г. Орёл,разведена,NA,Нет,Нет,одноклассники
487,,36,М,21317.0,68.0,купе,Нет,Нет,NA,г. Екатеринбург,NA,высшее,NA,Нет,Нет
488,,28,М,22093.0,75.0,купе,Нет,Нет,NA,г. Йошкар-Ола,NA,NA,NA,3,Нет
489,,60,Ж,14225.0,62.0,плацкарт,Нет,Нет,"Рабочие, занятые в металлообрабатывающем и машиностроительном производстве, механики и ремонтники",г. Кострома,NA,среднее общее,NA,2,Нет
490,,44,Ж,19212.0,66.0,купе,Нет,Нет,Операторы промышленных установок и стационарногооборудования,г. Новосибирск,NA,NA,Нет,Нет,Нет
491,,16,Ж,17373.0,54.0,купе,Нет,Нет,NA,г. Калининград,NA,NA,NA,Нет,Нет
492,,42,М,21819.0,62.0,купе,Нет,Нет,NA,г. Королёв,NA,среднее профессиональное,NA,3,Нет
493,,87,Ж,19414.0,69.0,плацкарт,Нет,Нет,NA,г. Новочеркасск,NA,среднее общее,NA,Нет,Нет
494,,49,Ж,20483.0,68.0,купе,Нет,Нет,NA,г. Санкт-Петербург,NA,среднее профессиональное,NA,1,Нет
495,,40,М,12943.0,61.0,плацкарт,Нет,Нет,NA,г. Казань,NA,среднее профессиональное,Нет,NA,Нет
496,,58,Ж,17939.0,51.0,купе,Нет,Нет,NA,г. Иркутск,NA,NA,Нет,1,facebook
497,,35,Ж,9755.0,55.0,плацкарт,Нет,Нет,NA,г. Энгельс,в браке,NA,NA,1,facebook
498,,80,М,17680.0,53.0,купе,Нет,Нет,NA,г. Челябинск,NA,NA,NA,NA,facebook
499,,52,Ж,11953.0,55.0,плацкарт,Нет,Нет,Специалисты в сфере бизнеса и администрирования,г. Москва,NA,NA,NA,NA,facebook
500,,25,М,21403.0,80.0,плацкарт,Нет,Нет,NA,г. Краснодар,NA,NA,NA,Нет,instagram
501,,91,Ж,17059.0,61.0,плацкарт,Нет,Нет,NA,г. Черкесск,вдова,среднее профессиональное,NA,1,Нет
502,,28,Ж,18708.0,66.0,плацкарт,Нет,Нет,"Рабочие, занятые в строительстве, и рабочие родственных занятий (за исключением электриков)",г. Хасавюрт,NA,среднее профессиональное,NA,NA,Нет
503,,31,Ж,24905.0,75.0,купе,Нет,Нет,NA,г. Архангельск,NA,среднее профессиональное,NA,5,facebook
504,,55,М,19522.0,53.0,купе,Нет,Нет,NA,г. Уфа,NA,NA,NA,NA,facebook
505,,31,Ж,23416.0,85.0,плацкарт,Нет,Нет,NA,г. Новосибирск,в браке,NA,NA,3,facebook
506,,43,Ж,15255.0,60.0,плацкарт,Нет,Нет,NA,г. Москва,NA,среднее профессиональное,Нет,NA,Нет
507,,33,Ж,17997.0,64.0,плацкарт,Нет,Нет,NA,г. Владивосток,NA,NA,NA,1,instagram
508,,59,М,13248.0,43.0,купе,Нет,Нет,Работники сферы индивидуальных услуг,г. Москва,в браке,NA,NA,2,Нет
509,,60,М,18743.0,51.0,купе,Нет,Да,NA,г. Казань,NA,NA,NA,NA,Нет
510,,47,Ж,7675.0,57.0,плацкарт,Нет,Нет,NA,г. Коломна,NA,NA,NA,NA,Нет
511,,34,Ж,21772.0,78.0,плацкарт,Нет,Нет,NA,г. Москва,в браке,среднее общее,NA,Нет,tiktok
512,,60,Ж,17726.0,71.0,плацкарт,Нет,Нет,NA,г. Ставрополь,в браке,NA,NA,3,Нет
513,,42,М,20480.0,71.0,купе,Нет,Нет,NA,г. Оренбург,в браке,среднее профессиональное,Нет,NA,Нет
514,,22,М,14971.0,72.0,плацкарт,Нет,Нет,NA,г. Сочи,NA,NA,Нет,2,facebook
515,,22,Ж,18890.0,83.0,плацкарт,Нет,Нет,NA,г. Москва,NA,среднее профессиональное,NA,Нет,tiktok
516,,57,М,21372.0,86.0,плацкарт,Нет,Нет,NA,г. Йошкар-Ола,NA,NA,NA,NA,Нет
517,,71,Ж,11999.0,56.0,плацкарт,Нет,Нет,NA,г. Москва,в браке,NA,Нет,1,одноклассники
518,,66,Ж,22087.0,75.0,купе,Нет,Нет,NA,г. Орёл,NA,NA,Нет,Нет,Нет
519,,32,Ж,31710.0,101.0,купе,Нет,Нет,NA,г. Комсомольск-на-Амуре,в браке,среднее профессиональное,NA,NA,Нет
520,,42,Ж,8874.0,30.0,купе,Нет,Нет,NA,г. Москва,NA,среднее общее,Да,1,Нет
521,,44,М,14890.0,46.0,купе,Нет,Нет,NA,г. Санкт-Петербург,NA,высшее,NA,Нет,Нет
522,,56,Ж,16811.0,65.0,плацкарт,Нет,Нет,NA,г. Новосибирск,в браке,NA,Нет,Нет,одноклассники
523,,65,М,22309.0,85.0,плацкарт,Нет,Нет,NA,г. Рыбинск,NA,NA,NA,NA,Нет
524,,43,Ж,17198.0,55.0,купе,Нет,Нет,NA,г. Симферополь,в браке,NA,Нет,2,Нет
525,,46,М,13594.0,69.0,плацкарт,Нет,Нет,NA,г. Мурманск,NA,NA,NA,3,Нет
526,,36,Ж,21277.0,57.0,СВ,Нет,Нет,NA,г. Москва,NA,высшее,NA,1,instagram
527,,32,М,13837.0,42.0,купе,Да,Нет,NA,г. Смоленск,NA,NA,NA,3,одноклассники
528,,43,М,18287.0,68.0,плацкарт,Нет,Нет,NA,г. Белгород,NA,среднее общее,NA,NA,Нет
529,,43,Ж,19917.0,68.0,купе,Нет,Нет,NA,г. Владимир,NA,NA,NA,Нет,Нет
530,,62,М,8047.0,42.0,плацкарт,Нет,Нет,NA,г. Ростов-на-Дону,в браке,высшее,NA,1,Нет
531,,30,Ж,18849.0,62.0,купе,Нет,Нет,NA,г. Москва,NA,NA,NA,2,Нет
532,,22,М,23456.0,69.0,купе,Да,Нет,NA,г. Комсомольск-на-Амуре,NA,высшее,NA,NA,facebook
533,,36,Ж,11516.0,63.0,плацкарт,Нет,Нет,NA,г. Томск,NA,среднее профессиональное,NA,NA,facebook
534,,35,Ж,21802.0,90.0,плацкарт,Нет,Нет,NA,г. Севастополь,NA,NA,Нет,1,facebook
535,,42,Ж,13964.0,56.0,плацкарт,Да,Нет,Водители и операторы подвижного оборудования,г. Ногинск,NA,NA,Да,NA,Нет
536,,79,Ж,17795.0,58.0,купе,Да,Нет,NA,г. Магнитогорск,NA,NA,NA,1,facebook
537,,32,Ж,17057.0,61.0,плацкарт,Нет,Нет,NA,г. Саратов,NA,NA,Нет,NA,facebook
538,,74,Ж,14718.0,66.0,плацкарт,Нет,Нет,NA,г. Мурманск,NA,высшее,NA,Нет,facebook
539,,55,Ж,17957.0,57.0,купе,Нет,Нет,NA,г. Курган,в браке,среднее профессиональное,NA,Нет,одноклассники
540,,36,М,13719.0,72.0,плацкарт,Нет,Нет,NA,г. Иркутск,в браке,NA,NA,1,facebook
541,,43,М,16907.0,66.0,плацкарт,Нет,Нет,Средний медицинский персонал здравоохранения,г. Магнитогорск,NA,NA,Да,2,Нет
542,,26,Ж,21117.0,84.0,плацкарт,Нет,Нет,NA,г. Черкесск,не состояла в браке,NA,Нет,Нет,одноклассники
543,,29,Ж,13180.0,55.0,плацкарт,Нет,Нет,NA,г. Оренбург,NA,NA,NA,1,vk
544,,36,М,21373.0,74.0,купе,Нет,Нет,NA,г. Самара,NA,среднее общее,NA,NA,Нет
545,,78,Ж,12752.0,48.0,плацкарт,Нет,Нет,NA,г. Северск,не состояла в браке,NA,Нет,NA,одноклассники
546,,38,Ж,16604.0,72.0,плацкарт,Нет,Нет,Рабочие в области электротехники и электроники,г. Санкт-Петербург,в браке,высшее,NA,NA,Нет
547,,56,Ж,23135.0,73.0,купе,Нет,Нет,NA,г. Обнинск,NA,среднее общее,NA,3,одноклассники
548,,37,М,10847.0,35.0,купе,Нет,Нет,NA,г. Москва,NA,NA,NA,NA,vk
549,,19,М,15609.0,60.0,плацкарт,Нет,Нет,NA,г. Якутск,NA,NA,NA,NA,Нет
550,,55,М,22878.0,61.0,СВ,Нет,Нет,Специалисты в области науки и техники,г. Москва,NA,NA,NA,NA,instagram
551,,33,М,17015.0,67.0,плацкарт,Нет,Нет,NA,г. Нижний Тагил,NA,NA,NA,4,facebook
552,,65,Ж,16405.0,77.0,плацкарт,Нет,Нет,NA,г. Санкт-Петербург,NA,высшее,Нет,1,Нет
553,,63,М,9972.0,32.0,купе,Нет,Нет,Специалисты в области образования,г. Ижевск,разведен,среднее общее,NA,Нет,Нет
554,,83,М,11291.0,28.0,СВ,Нет,Нет,NA,г. Таганрог,NA,среднее профессиональное,Нет,Нет,одноклассники
555,,79,Ж,20094.0,66.0,купе,Нет,Нет,NA,г. Москва,NA,среднее профессиональное,NA,NA,Нет
556,,56,Ж,17370.0,62.0,плацкарт,Нет,Нет,NA,г. Тольятти,NA,NA,Нет,Нет,одноклассники
557,,47,М,14995.0,68.0,плацкарт,Нет,Нет,NA,г. Пенза,NA,среднее профессиональное,NA,NA,Нет
558,,64,М,31122.0,113.0,плацкарт,Нет,Нет,NA,г. Волгоград,NA,NA,NA,Нет,Нет
559,,66,М,21762.0,80.0,плацкарт,Нет,Нет,NA,г. Москва,NA,NA,NA,NA,Нет
560,,63,М,20561.0,69.0,купе,Нет,Нет,NA,г. Москва,NA,NA,NA,Нет,Нет
561,,18,М,15524.0,44.0,купе,Нет,Нет,NA,г. Ярославль,не состоял в браке,NA,NA,Нет,vk
562,,31,Ж,19966.0,68.0,купе,Нет,Нет,NA,г. Москва,NA,среднее профессиональное,NA,1,Нет
563,,48,М,22175.0,56.0,СВ,Нет,Нет,NA,г. Москва,в браке,NA,Нет,NA,Нет
564,,22,Ж,25191.0,99.0,плацкарт,Нет,Нет,NA,г. Казань,не состояла в браке,среднее общее,NA,Нет,Нет
565,,23,Ж,22402.0,82.0,плацкарт,Нет,Нет,NA,г. Пермь,NA,NA,NA,NA,vk
566,,45,Ж,11593.0,44.0,плацкарт,Нет,Нет,NA,г. Тамбов,в браке,высшее,NA,Нет,Нет
567,,23,М,21445.0,62.0,купе,Нет,Нет,NA,г. Махачкала,NA,среднее профессиональное,NA,4,vk
568,,21,Ж,10332.0,66.0,плацкарт,Нет,Нет,Служащие общего профиляи обслуживающие офисную технику,г. Брянск,NA,NA,Нет,NA,одноклассники
569,,52,Ж,18990.0,76.0,плацкарт,Нет,Нет,NA,г. Архангельск,NA,NA,NA,Нет,одноклассники
570,,73,Ж,21137.0,74.0,купе,Нет,Нет,NA,г. Северодвинск,вдова,среднее профессиональное,Нет,NA,одноклассники
571,,61,Ж,21044.0,73.0,купе,Нет,Нет,NA,г. Санкт-Петербург,NA,NA,NA,Нет,Нет
572,,89,М,17188.0,65.0,плацкарт,Нет,Нет,NA,г. Пенза,NA,NA,NA,Нет,одноклассники
573,,65,М,23007.0,89.0,плацкарт,Нет,Нет,NA,г. Новокузнецк,в браке,NA,NA,Нет,Нет
574,,40,М,26702.0,85.0,купе,Нет,Нет,NA,г. Керчь,NA,NA,NA,NA,Нет
575,,52,М,21261.0,67.0,купе,Нет,Нет,NA,г. Челябинск,NA,NA,Нет,NA,одноклассники
576,,31,Ж,20307.0,74.0,плацкарт,Нет,Нет,Операторы промышленных установок и стационарногооборудования,г. Владивосток,не состояла в браке,NA,NA,1,instagram
577,,47,Ж,8166.0,34.0,плацкарт,Нет,Нет,NA,г. Иваново,в браке,NA,NA,Нет,Нет
578,,81,Ж,23872.0,77.0,купе,Нет,Нет,NA,г. Астрахань,NA,NA,NA,3,одноклассники
579,,33,Ж,24412.0,99.0,плацкарт,Нет,Нет,Водители и операторы подвижного оборудования,г. Москва,NA,NA,NA,Нет,Нет
580,,59,М,17661.0,70.0,плацкарт,Нет,Нет,NA,г. Санкт-Петербург,в браке,NA,Нет,2,одноклассники
581,,41,Ж,8651.0,32.0,плацкарт,Нет,Нет,NA,г. Тольятти,NA,NA,Да,5,Нет
582,,82,Ж,18438.0,55.0,купе,Нет,Нет,NA,г. Москва,NA,NA,NA,NA,facebook
583,,74,М,14472.0,63.0,плацкарт,Нет,Нет,NA,г. Саратов,не состоял в браке,NA,NA,Нет,одноклассники
584,,58,Ж,4403.0,19.0,плацкарт,Нет,Нет,Средний специальный персонал по экономической и административной деятельности,г. Екатеринбург,NA,среднее профессиональное,Да,Нет,vk
585,,79,Ж,19708.0,71.0,плацкарт,Нет,Нет,NA,г. Красноярск,NA,среднее профессиональное,NA,Нет,vk
586,,28,Ж,15070.0,63.0,плацкарт,Нет,Нет,Специалисты в сфере бизнеса и администрирования,г. Самара,NA,NA,NA,Нет,Нет
587,,25,Ж,17880.0,76.0,плацкарт,Нет,Нет,"Рабочие пищевой, деревообрабатывающей, текстильной и швейной промышленности и рабочие родственных занятий",г. Новосибирск,в браке,NA,NA,Нет,Нет
588,,30,Ж,11381.0,37.0,купе,Нет,Нет,NA,г. Москва,в браке,NA,Да,NA,vk
589,,43,Ж,25447.0,83.0,купе,Нет,Нет,Водители и операторы подвижного оборудования,г. Омск,NA,высшее,NA,5,Нет
590,,38,М,10422.0,48.0,плацкарт,Нет,Нет,NA,г. Липецк,NA,NA,Да,1,vk
591,,77,Ж,9105.0,20.0,люкс,Нет,Нет,NA,г. Иваново,в браке,NA,NA,Нет,одноклассники
592,,40,Ж,26200.0,93.0,плацкарт,Нет,Нет,"Рабочие пищевой, деревообрабатывающей, текстильной и швейной промышленности и рабочие родственных занятий",г. Иркутск,в браке,NA,NA,Нет,Нет
593,,15,Ж,14893.0,68.0,плацкарт,Нет,Нет,NA,г. Пенза,NA,NA,NA,Нет,instagram
594,,43,Ж,15499.0,78.0,плацкарт,Нет,Нет,NA,г. Рязань,в браке,NA,Нет,NA,Нет
595,,61,М,21675.0,57.0,СВ,Нет,Нет,NA,г. Вологда,NA,высшее,NA,1,Нет
596,,40,Ж,15797.0,49.0,купе,Нет,Нет,NA,г. Санкт-Петербург,NA,высшее,Да,NA,Нет
597,,25,Ж,21312.0,75.0,плацкарт,Да,Нет,Средний специальный персонал по экономической и административной деятельности,г. Санкт-Петербург,NA,NA,NA,NA,vk
598,,36,М,11651.0,59.0,плацкарт,Нет,Нет,"Рабочие, занятые в металлообрабатывающем и машиностроительном производстве, механики и ремонтники",г. Москва,NA,NA,NA,2,Нет
599,,43,М,18454.0,57.0,купе,Нет,Нет,NA,г. Тула,NA,среднее профессиональное,NA,Нет,Нет
600,,62,М,15737.0,66.0,плацкарт,Нет,Нет,NA,г. Санкт-Петербург,NA,среднее общее,Нет,Нет,Нет
601,,78,Ж,23739.0,80.0,купе,Нет,Нет,NA,г. Владивосток,NA,NA,NA,Нет,Нет
602,,70,Ж,20255.0,84.0,плацкарт,Нет,Нет,NA,г. Самара,NA,NA,NA,NA,одноклассники
603,,50,Ж,13718.0,52.0,плацкарт,Нет,Нет,NA,г. Севастополь,NA,среднее профессиональное,NA,Нет,одноклассники
604,,28,М,14030.0,62.0,плацкарт,Нет,Нет,Специалисты в области науки и техники,г. Йошкар-Ола,NA,NA,NA,3,Нет
605,,16,М,25495.0,90.0,плацкарт,Нет,Нет,NA,г. Сургут,NA,NA,Нет,Нет,facebook
606,,60,Ж,15443.0,64.0,плацкарт,Нет,Нет,NA,г. Копейск,NA,NA,NA,Нет,Нет
607,,30,М,19295.0,75.0,плацкарт,Нет,Нет,NA,г. Астрахань,NA,NA,NA,NA,Нет
608,,34,Ж,14765.0,55.0,плацкарт,Нет,Нет,NA,г. Тюмень,в браке,среднее профессиональное,Да,2,instagram
609,,27,М,16673.0,63.0,плацкарт,Нет,Нет,NA,г. Наб. Челны,не состоял в браке,NA,Да,1,одноклассники
610,,33,Ж,11154.0,44.0,плацкарт,Нет,Нет,NA,г. Ставрополь,NA,NA,Нет,NA,vk
611,,60,М,17853.0,70.0,плацкарт,Нет,Нет,NA,г. Самара,в браке,NA,NA,1,Нет
612,,60,М,24792.0,97.0,плацкарт,Нет,Да,NA,г. Сочи,в браке,NA,Нет,NA,Нет
613,,63,Ж,19142.0,68.0,плацкарт,Нет,Нет,NA,г. Норильск,вдова,NA,NA,Нет,Нет
614,,70,Ж,11527.0,45.0,плацкарт,Нет,Нет,NA,г. Назрань,NA,высшее,NA,Нет,vk
615,,60,М,18452.0,67.0,плацкарт,Нет,Нет,NA,г. Каспийск,NA,NA,NA,NA,Нет
616,,31,Ж,18621.0,73.0,плацкарт,Нет,Нет,"Рабочие, занятые в строительстве, и рабочие родственных занятий (за исключением электриков)",г. Владивосток,NA,среднее профессиональное,Нет,1,facebook
617,,23,М,14992.0,55.0,плацкарт,Нет,Нет,NA,г. Королёв,не состоял в браке,NA,NA,NA,Нет
618,,33,М,23140.0,94.0,плацкарт,Нет,Нет,NA,г. Артем,в браке,высшее,NA,NA,instagram
619,,73,М,21271.0,73.0,купе,Нет,Нет,NA,г. Курск,NA,высшее,NA,Нет,Нет
620,,64,Ж,24652.0,65.0,СВ,Нет,Да,NA,г. Тюмень,NA,NA,NA,3,Нет
621,,58,М,18752.0,69.0,плацкарт,Нет,Нет,NA,г. Сыктывкар,NA,NA,NA,NA,Нет
622,,33,М,23245.0,77.0,купе,Нет,Нет,NA,г. Казань,NA,NA,NA,NA,одноклассники
623,,50,Ж,17486.0,58.0,купе,Нет,Да,NA,г. Самара,NA,NA,NA,NA,одноклассники
624,,28,М,17426.0,75.0,плацкарт,Нет,Нет,NA,г. Белгород,в браке,NA,NA,3,facebook
625,,69,Ж,22548.0,74.0,купе,Нет,Нет,NA,г. Ангарск,NA,NA,Нет,1,Нет
626,,73,Ж,13187.0,70.0,плацкарт,Нет,Да,NA,г. Москва,вдова,NA,Нет,2,одноклассники
627,,74,Ж,16314.0,68.0,плацкарт,Нет,Нет,NA,г. Санкт-Петербург,NA,NA,Нет,Нет,одноклассники
628,,48,Ж,23430.0,74.0,купе,Нет,Нет,NA,г. Москва,NA,NA,Нет,1,Нет
629,,24,М,25154.0,84.0,купе,Нет,Нет,NA,г. Москва,NA,высшее,Нет,4,vk
630,,35,Ж,21348.0,86.0,плацкарт,Нет,Нет,NA,г. Москва,в браке,NA,NA,2,Нет
631,,57,Ж,28261.0,87.0,купе,Нет,Нет,Специалисты в области науки и техники,г. Салават,NA,среднее общее,NA,NA,facebook
632,,34,Ж,10817.0,60.0,плацкарт,Нет,Нет,NA,г. Москва,NA,NA,NA,NA,Нет
633,,35,Ж,18627.0,74.0,плацкарт,Нет,Нет,NA,г. Энгельс,NA,среднее профессиональное,NA,2,vk
634,,31,Ж,25902.0,94.0,плацкарт,Нет,Нет,NA,г. Челябинск,NA,NA,NA,Нет,Нет
635,,20,М,15393.0,57.0,плацкарт,Нет,Нет,NA,г. Владикавказ,NA,NA,Нет,Нет,instagram
636,,41,Ж,19786.0,71.0,плацкарт,Нет,Нет,NA,г. Москва,в браке,среднее профессиональное,NA,2,Нет
637,,29,Ж,13814.0,68.0,плацкарт,Нет,Нет,NA,г. Ставрополь,NA,NA,Нет,Нет,vk
638,,44,М,20615.0,71.0,купе,Нет,Нет,Продавцы,г. Казань,NA,NA,NA,Нет,Нет
639,,42,М,17006.0,65.0,плацкарт,Нет,Нет,Рабочие в области электротехники и электроники,г. Ставрополь,NA,высшее,NA,Нет,Нет
640,,29,М,17374.0,64.0,плацкарт,Нет,Нет,NA,г. Грозный,NA,NA,NA,NA,Нет
641,,39,Ж,20306.0,83.0,плацкарт,Нет,Нет,Уборщики и прислуга ,г. Иваново,NA,NA,NA,2,Нет
642,,65,Ж,17387.0,78.0,плацкарт,Да,Нет,NA,г. Москва,NA,NA,Нет,1,Нет
643,,36,М,17567.0,71.0,плацкарт,Нет,Нет,Специалисты по информационно-коммуникационным технологиям (ИКТ),г. Химки,в браке,среднее профессиональное,Нет,Нет,одноклассники
644,,31,Ж,18183.0,57.0,купе,Нет,Нет,NA,г. Йошкар-Ола,разведена,NA,NA,1,vk
645,,55,Ж,17010.0,74.0,плацкарт,Нет,Нет,NA,г. Красноярск,NA,NA,Нет,Нет,facebook
646,,37,М,11210.0,52.0,плацкарт,Нет,Нет,NA,г. Архангельск,не состоял в браке,NA,NA,Нет,Нет
647,,63,Ж,19379.0,61.0,купе,Нет,Нет,NA,г. Норильск,разведена,NA,NA,Нет,Нет
648,,30,М,14269.0,53.0,плацкарт,Нет,Нет,NA,г. Москва,NA,среднее профессиональное,NA,1,instagram
649,,71,Ж,19615.0,70.0,плацкарт,Нет,Нет,NA,г. Самара,NA,NA,NA,Нет,одноклассники
650,,49,М,15292.0,68.0,плацкарт,Нет,Нет,Средний медицинский персонал здравоохранения,г. Ульяновск,NA,NA,NA,NA,Нет
651,,83,Ж,18124.0,75.0,плацкарт,Нет,Нет,NA,г. Киров,NA,NA,NA,2,одноклассники
652,,90,Ж,23446.0,87.0,плацкарт,Нет,Нет,NA,г. Москва,NA,NA,NA,Нет,Нет
653,,71,М,1822.0,30.0,плацкарт,Нет,Нет,NA,г. Евпатория,NA,NA,Нет,Нет,одноклассники
654,,67,Ж,22955.0,78.0,купе,Нет,Нет,NA,г. Новочебоксарск,NA,NA,NA,NA,Нет
655,,94,Ж,15074.0,54.0,плацкарт,Нет,Да,NA,г. Петропавловск-Камчатский,NA,NA,NA,1,Нет
656,,15,М,13126.0,65.0,плацкарт,Нет,Нет,NA,г. Ставрополь,NA,NA,NA,Нет,Нет
657,,56,Ж,15439.0,84.0,плацкарт,Нет,Нет,NA,г. Санкт-Петербург,NA,среднее профессиональное,Нет,NA,facebook
658,,29,М,22978.0,90.0,плацкарт,Нет,Нет,Продавцы,г. Красноярск,NA,NA,Нет,NA,facebook
659,,34,Ж,17399.0,73.0,плацкарт,Нет,Нет,NA,г. Краснодар,NA,среднее профессиональное,Нет,NA,facebook
660,,33,Ж,21131.0,60.0,купе,Нет,Нет,Специалисты в области образования,г. Брянск,NA,NA,NA,Нет,vk
661,,64,Ж,12565.0,51.0,плацкарт,Нет,Нет,NA,г. Москва,NA,высшее,NA,Нет,Нет
662,,30,Ж,15461.0,45.0,купе,Нет,Нет,NA,г. Березники,в браке,высшее,Да,NA,tiktok
663,,30,М,22205.0,83.0,плацкарт,Нет,Нет,Работники сферы индивидуальных услуг,г. Москва,в браке,среднее профессиональное,NA,3,facebook
664,,60,Ж,26408.0,102.0,плацкарт,Нет,Нет,NA,г. Пушкино,NA,NA,Нет,NA,Нет
665,,15,М,1718.0,20.0,плацкарт,Нет,Нет,NA,г. Новочеркасск,NA,NA,Нет,Нет,facebook
666,,41,М,16185.0,57.0,плацкарт,Нет,Нет,NA,г. Одинцово,NA,среднее общее,NA,NA,Нет
667,,31,Ж,17112.0,63.0,плацкарт,Нет,Нет,NA,г. Сургут,не состояла в браке,NA,Нет,1,facebook
668,,51,М,19440.0,71.0,плацкарт,Нет,Нет,Операторы промышленных установок и стационарногооборудования,г. Благовещенск,NA,NA,NA,1,Нет
669,,29,М,9625.0,37.0,плацкарт,Нет,Нет,Продавцы,г. Новокузнецк,в браке,высшее,NA,1,Нет
670,,61,М,20853.0,92.0,плацкарт,Нет,Нет,NA,г. Новосибирск,в браке,среднее профессиональное,NA,1,Нет
671,,46,Ж,17602.0,59.0,купе,Нет,Нет,Специалисты-техники в области науки и техники,г. Курск,в браке,NA,NA,3,Нет
672,,27,Ж,22555.0,96.0,плацкарт,Нет,Нет,Служащие общего профиляи обслуживающие офисную технику,г. Самара,NA,NA,Да,2,tiktok
673,,38,Ж,16660.0,63.0,плацкарт,Нет,Нет,NA,г. Псков,не состояла в браке,среднее профессиональное,NA,Нет,instagram
674,,34,М,24614.0,72.0,купе,Нет,Нет,"Рабочие, занятые в строительстве, и рабочие родственных занятий (за исключением электриков)",г. Краснодар,в браке,высшее,NA,NA,Нет
675,,22,М,10680.0,57.0,плацкарт,Нет,Нет,"Работники, оказывающие услуги по индивидуальному уходу",г. Новосибирск,в браке,NA,NA,1,vk
676,,81,М,19401.0,60.0,купе,Нет,Нет,NA,г. Нижний Тагил,в браке,среднее общее,NA,1,Нет
677,,29,М,29378.0,80.0,купе,Нет,Нет,NA,г. Краснодар,не состоял в браке,высшее,Нет,Нет,vk
678,,38,Ж,15555.0,42.0,СВ,Нет,Нет,NA,г. Москва,NA,NA,Да,2,vk
679,,77,М,22304.0,82.0,плацкарт,Нет,Нет,NA,г. Якутск,в браке,NA,NA,5,Нет
680,,50,Ж,11332.0,50.0,плацкарт,Нет,Нет,NA,г. Нижний Новгород,в браке,NA,NA,NA,Нет
681,,29,Ж,21097.0,63.0,купе,Нет,Нет,NA,г. Южно-Сахалинск,NA,высшее,NA,Нет,Нет
682,,64,Ж,12316.0,45.0,плацкарт,Нет,Нет,NA,г. Энгельс,NA,NA,NA,2,Нет
683,,46,М,17456.0,80.0,плацкарт,Нет,Нет,NA,г. Санкт-Петербург,NA,среднее профессиональное,Нет,1,Нет
684,,56,М,12392.0,33.0,СВ,Нет,Нет,NA,г. Грозный,NA,NA,NA,NA,facebook
685,,26,М,12979.0,59.0,плацкарт,Нет,Нет,NA,г. Ачинск,NA,среднее профессиональное,Да,NA,instagram
686,,78,М,16427.0,52.0,купе,Нет,Нет,NA,г. Каменск - Уральский,NA,высшее,Нет,Нет,одноклассники
687,,59,Ж,20386.0,70.0,купе,Нет,Нет,NA,г. Владивосток,разведена,NA,NA,2,Нет
688,,42,М,15583.0,56.0,плацкарт,Нет,Нет,"Рабочие, занятые в металлообрабатывающем и машиностроительном производстве, механики и ремонтники",г. Армавир,NA,NA,NA,1,Нет
689,,29,Ж,26319.0,84.0,купе,Нет,Нет,NA,г. Екатеринбург,NA,среднее общее,Нет,2,vk
690,,33,Ж,16654.0,70.0,плацкарт,Нет,Нет,Специалисты в области образования,г. Ханты-Мансийск,NA,NA,NA,NA,vk
691,,81,М,13102.0,65.0,плацкарт,Нет,Нет,NA,г. Балашиха,NA,среднее профессиональное,Нет,NA,одноклассники
692,,42,Ж,15129.0,61.0,плацкарт,Нет,Нет,NA,г. Владивосток,NA,среднее профессиональное,NA,Нет,Нет
693,,70,М,21510.0,55.0,СВ,Нет,Нет,NA,г. Королёв,в браке,среднее общее,NA,NA,Нет
694,,26,М,18819.0,56.0,купе,Нет,Нет,NA,г. Киров,NA,среднее профессиональное,NA,NA,Нет
695,,56,Ж,22846.0,59.0,СВ,Нет,Нет,NA,г. Владивосток,NA,NA,NA,4,одноклассники
696,,23,М,19558.0,57.0,купе,Нет,Нет,NA,г. Москва,NA,NA,NA,1,Нет
697,,49,М,21690.0,77.0,плацкарт,Нет,Нет,Специалисты в области образования,г. Вологда,NA,NA,Нет,4,Нет
698,,68,М,23051.0,82.0,плацкарт,Нет,Нет,NA,г. Орёл,NA,NA,NA,Нет,Нет
699,,29,Ж,15294.0,61.0,плацкарт,Нет,Нет,Работники сферы индивидуальных услуг,г. Красноярск,не состояла в браке,среднее общее,NA,NA,Нет
700,,98,М,21248.0,95.0,плацкарт,Нет,Да,NA,г. Владимир,NA,NA,Нет,NA,Нет
701,,41,М,16660.0,55.0,купе,Нет,Нет,NA,г. Бийск,NA,высшее,Да,Нет,Нет
702,,64,Ж,12410.0,43.0,купе,Нет,Нет,Специалисты в области образования,г. Симферополь,в браке,NA,NA,NA,Нет
703,,41,Ж,16083.0,66.0,плацкарт,Нет,Нет,NA,г. Ростов-на-Дону,NA,NA,NA,3,Нет
704,,31,М,19030.0,60.0,купе,Нет,Нет,"Рабочие, занятые в металлообрабатывающем и машиностроительном производстве, механики и ремонтники",г. Вологда,NA,NA,NA,Нет,Нет
705,,29,Ж,20988.0,71.0,купе,Нет,Нет,NA,г. Иркутск,не состояла в браке,среднее профессиональное,NA,4,Нет
706,,61,Ж,21437.0,68.0,купе,Нет,Нет,NA,г. Москва,NA,NA,NA,1,Нет
707,,34,Ж,17425.0,53.0,купе,Нет,Нет,NA,г. Барнаул,NA,NA,NA,NA,Нет
708,,33,Ж,25236.0,107.0,плацкарт,Нет,Нет,NA,г. Ростов-на-Дону,NA,среднее общее,Нет,3,facebook
709,,24,М,19923.0,62.0,купе,Нет,Нет,Средний медицинский персонал здравоохранения,г. Мытищи,не состоял в браке,среднее профессиональное,NA,1,vk
710,,81,Ж,16464.0,53.0,купе,Да,Нет,NA,г. Санкт-Петербург,NA,высшее,Нет,1,одноклассники
711,,59,Ж,15205.0,48.0,купе,Нет,Нет,NA,г. Санкт-Петербург,в браке,NA,NA,3,Нет
712,,24,Ж,16937.0,58.0,купе,Нет,Нет,NA,г. Уфа,NA,NA,NA,Нет,facebook
713,,55,М,18551.0,46.0,СВ,Нет,Нет,"Рабочие, занятые в металлообрабатывающем и машиностроительном производстве, механики и ремонтники",г. Омск,NA,NA,NA,Нет,Нет
714,,16,М,21444.0,90.0,плацкарт,Нет,Нет,NA,г. Новокузнецк,NA,NA,NA,Нет,Нет
715,,35,Ж,19631.0,81.0,плацкарт,Да,Нет,NA,г. Самара,NA,NA,NA,1,vk
716,,55,Ж,13496.0,61.0,плацкарт,Нет,Нет,Водители и операторы подвижного оборудования,г. Саранск,NA,высшее,Нет,NA,одноклассники
717,,55,Ж,17182.0,71.0,плацкарт,Нет,Нет,NA,г. Москва,NA,NA,Нет,1,facebook
718,,38,М,11821.0,54.0,плацкарт,Нет,Нет,NA,г. Орехово-Зуево,NA,среднее профессиональное,Нет,3,vk
719,,52,Ж,26102.0,81.0,купе,Нет,Нет,"Работники служб, осуществляющих охрану граждан и собственности",г. Москва,в браке,NA,NA,5,Нет
720,,19,М,13628.0,54.0,плацкарт,Нет,Нет,NA,г. Вологда,NA,NA,NA,2,instagram
721,,39,Ж,13139.0,46.0,купе,Нет,Нет,"Рабочие, занятые в металлообрабатывающем и машиностроительном производстве, механики и ремонтники",г. Тула,не состояла в браке,NA,NA,1,Нет
722,,61,Ж,14246.0,58.0,плацкарт,Нет,Да,NA,г. Москва,в браке,NA,NA,1,Нет
723,,34,Ж,27099.0,87.0,купе,Да,Нет,Специалисты в области науки и техники,г. Ростов-на-Дону,NA,NA,NA,4,facebook
724,,75,Ж,25292.0,87.0,купе,Нет,Нет,NA,г. Магнитогорск,NA,среднее общее,NA,Нет,одноклассники
725,,87,Ж,15421.0,62.0,плацкарт,Нет,Нет,NA,г. Ижевск,в браке,среднее профессиональное,NA,NA,facebook
726,,60,М,2594.0,36.0,плацкарт,Нет,Нет,NA,г. Вологда,в браке,NA,NA,4,Нет
727,,42,Ж,25651.0,91.0,плацкарт,Нет,Нет,NA,г. Ноябрьск,не состояла в браке,NA,Нет,NA,Нет
728,,64,М,16838.0,74.0,плацкарт,Нет,Нет,NA,г. Тюмень,NA,NA,NA,NA,Нет
729,,31,Ж,23247.0,93.0,плацкарт,Нет,Нет,Неквалифицированные работники по сбору мусора и другие неквалифицированные работники,г. Челябинск,не состояла в браке,NA,NA,1,vk
730,,92,Ж,23240.0,80.0,купе,Нет,Нет,NA,г. Москва,вдова,среднее профессиональное,NA,NA,Нет
731,,31,Ж,27537.0,91.0,купе,Нет,Нет,Продавцы,г. Киров,в браке,среднее общее,NA,Нет,Нет
732,,23,М,17289.0,53.0,купе,Нет,Нет,NA,г. Кемерово,NA,NA,Нет,1,facebook
733,,64,М,24539.0,77.0,купе,Нет,Нет,NA,г. Смоленск,в браке,NA,NA,1,Нет
734,,49,Ж,16632.0,57.0,купе,Нет,Нет,NA,г. Ростов-на-Дону,NA,NA,NA,Нет,Нет
735,,45,Ж,6183.0,39.0,плацкарт,Нет,Нет,NA,г. Челябинск,NA,высшее,NA,NA,Нет
736,,44,Ж,12297.0,51.0,плацкарт,Нет,Нет,NA,г. Великий Новгород,не состояла в браке,среднее профессиональное,Да,5,Нет
737,,46,М,9197.0,52.0,плацкарт,Нет,Нет,NA,г. Сергиев Посад,NA,NA,NA,1,Нет
738,,61,Ж,30865.0,96.0,купе,Нет,Нет,NA,г. Магнитогорск,NA,NA,NA,Нет,Нет
739,,20,Ж,16334.0,63.0,плацкарт,Нет,Нет,NA,г. Альметьевск,NA,NA,NA,Нет,facebook
740,,19,М,13910.0,49.0,плацкарт,Нет,Нет,NA,г. Москва,не состоял в браке,NA,Нет,1,vk
741,,39,М,22201.0,65.0,купе,Нет,Нет,NA,г. Салават,NA,NA,NA,1,одноклассники
742,,24,М,22018.0,81.0,плацкарт,Нет,Нет,NA,г. Краснодар,NA,среднее профессиональное,Да,1,vk
743,,30,М,15651.0,53.0,купе,Нет,Нет,NA,г. Архангельск,не состоял в браке,высшее,NA,NA,facebook
744,,33,М,11657.0,41.0,плацкарт,Нет,Нет,"Работники служб, осуществляющих охрану граждан и собственности",г. Муром,в браке,высшее,NA,Нет,Нет
745,,36,М,17252.0,47.0,купе,Нет,Нет,NA,г. Елец,в браке,среднее общее,NA,1,Нет
746,,52,М,15529.0,72.0,плацкарт,Нет,Нет,NA,г. Оренбург,разведен,NA,NA,1,Нет
747,,20,М,15004.0,42.0,купе,Нет,Нет,Специалисты в области науки и техники,г. Уфа,NA,высшее,NA,Нет,Нет
748,,33,Ж,23560.0,103.0,плацкарт,Нет,Нет,NA,г. Брянск,NA,NA,NA,2,одноклассники
749,,31,Ж,18871.0,78.0,плацкарт,Нет,Нет,NA,г. Первоуральск,NA,высшее,NA,Нет,одноклассники
750,,40,Ж,20484.0,72.0,плацкарт,Нет,Нет,Водители и операторы подвижного оборудования,г. Владикавказ,NA,среднее профессиональное,NA,Нет,Нет
751,,53,Ж,19032.0,71.0,плацкарт,Да,Нет,NA,г. Ковров,разведена,NA,NA,NA,Нет
752,,61,Ж,22116.0,85.0,плацкарт,Нет,Нет,NA,г. Комсомольск-на-Амуре,NA,среднее профессиональное,NA,Нет,Нет
753,,16,Ж,18118.0,82.0,плацкарт,Нет,Нет,NA,г. Казань,NA,NA,Нет,Нет,facebook
754,,29,Ж,17192.0,55.0,купе,Да,Нет,NA,г. Ижевск,NA,NA,NA,NA,Нет
755,,61,М,25485.0,93.0,плацкарт,Нет,Нет,NA,г. Челябинск,NA,NA,Нет,1,Нет
756,,52,М,15281.0,64.0,плацкарт,Нет,Нет,NA,г. Москва,NA,NA,NA,2,одноклассники
757,,40,М,11674.0,51.0,плацкарт,Нет,Нет,NA,г. Рязань,NA,NA,NA,1,Нет
758,,38,Ж,18584.0,56.0,купе,Нет,Нет,NA,г. Комсомольск-на-Амуре,NA,NA,NA,1,Нет
759,,47,Ж,16827.0,61.0,плацкарт,Нет,Нет,NA,г. Симферополь,NA,среднее профессиональное,NA,2,Нет
760,,62,М,18512.0,53.0,купе,Нет,Нет,NA,г. Зеленодольск,в браке,среднее профессиональное,NA,Нет,Нет
761,,60,Ж,20420.0,76.0,плацкарт,Нет,Нет,NA,г. Нижний Новгород,NA,NA,NA,Нет,Нет
762,,20,Ж,31888.0,103.0,купе,Нет,Нет,"Специалисты в области права, гуманитарных областей и культуры",г. Магнитогорск,не состояла в браке,NA,Нет,1,instagram
763,,30,Ж,21535.0,84.0,плацкарт,Нет,Нет,NA,г. Березники,NA,среднее общее,NA,NA,Нет
764,,33,М,13092.0,50.0,плацкарт,Нет,Нет,Водители и операторы подвижного оборудования,г. Дербент,NA,среднее общее,NA,NA,vk
765,,18,М,22054.0,82.0,плацкарт,Нет,Нет,NA,г. Ижевск,не состоял в браке,NA,Нет,2,instagram
766,,78,Ж,15078.0,64.0,плацкарт,Нет,Нет,NA,г. Москва,в браке,среднее общее,NA,1,одноклассники
767,,29,М,12792.0,57.0,плацкарт,Да,Нет,NA,г. Тамбов,NA,NA,NA,NA,vk
768,,66,Ж,15701.0,67.0,плацкарт,Нет,Да,NA,г. Йошкар-Ола,вдова,среднее профессиональное,NA,2,Нет
769,,66,М,27117.0,73.0,СВ,Нет,Нет,NA,г. Брянск,NA,NA,NA,1,Нет
770,,33,М,23743.0,76.0,купе,Нет,Нет,NA,г. Благовещенск,NA,среднее профессиональное,Нет,2,facebook
771,,30,М,26586.0,75.0,купе,Нет,Нет,NA,г. Красноярск,NA,NA,NA,1,tiktok
772,,91,М,23998.0,69.0,купе,Нет,Нет,NA,г. Москва,NA,высшее,NA,NA,Нет
773,,34,Ж,15318.0,62.0,плацкарт,Нет,Нет,"Специалисты в области права, гуманитарных областей и культуры",г. Братск,NA,NA,NA,1,vk
774,,32,Ж,15787.0,62.0,плацкарт,Да,Нет,NA,г. Великий Новгород,в браке,NA,NA,NA,instagram
775,,33,М,18411.0,69.0,плацкарт,Нет,Нет,NA,г. Екатеринбург,разведен,среднее общее,NA,Нет,Нет
776,,46,М,29442.0,86.0,купе,Нет,Нет,NA,г. Курск,в браке,среднее профессиональное,Нет,3,Нет
777,,47,М,16656.0,58.0,купе,Да,Нет,NA,г. Ессентуки,NA,среднее общее,NA,Нет,Нет
778,,50,Ж,13739.0,50.0,плацкарт,Нет,Нет,NA,г. Санкт-Петербург,NA,высшее,Нет,Нет,одноклассники
779,,69,М,8744.0,43.0,плацкарт,Нет,Нет,NA,г. Москва,разведен,NA,NA,NA,Нет
780,,70,Ж,19410.0,54.0,купе,Нет,Нет,NA,г. Москва,NA,NA,NA,4,одноклассники
781,,48,М,12928.0,50.0,плацкарт,Нет,Нет,NA,г. Нефтеюганск,NA,NA,NA,Нет,Нет
782,,45,Ж,16874.0,57.0,купе,Нет,Нет,NA,г. Пермь,в браке,среднее профессиональное,NA,Нет,Нет
783,,68,М,8204.0,37.0,плацкарт,Нет,Нет,NA,г. Красноярск,NA,высшее,NA,Нет,Нет
784,,43,М,16630.0,57.0,купе,Нет,Нет,Специалисты в области науки и техники,г. Рязань,NA,среднее профессиональное,NA,2,Нет
785,,64,Ж,18602.0,68.0,плацкарт,Да,Нет,NA,г. Москва,вдова,среднее профессиональное,NA,Нет,Нет
786,,39,Ж,25669.0,92.0,плацкарт,Да,Нет,NA,г. Волгоград,NA,NA,NA,Нет,facebook
787,,66,Ж,19717.0,75.0,плацкарт,Нет,Нет,NA,г. Краснодар,NA,NA,NA,Нет,Нет
788,,34,М,16181.0,41.0,СВ,Нет,Нет,NA,г. Москва,NA,NA,NA,1,instagram
789,,15,М,23630.0,89.0,плацкарт,Нет,Нет,NA,г. Ессентуки,NA,NA,Нет,Нет,facebook
790,,53,Ж,15390.0,53.0,купе,Нет,Нет,NA,г. Оренбург,NA,NA,Да,Нет,vk
791,,39,Ж,20305.0,68.0,купе,Нет,Нет,NA,г. Краснодар,NA,NA,Нет,4,facebook
792,,30,Ж,22062.0,67.0,купе,Нет,Нет,Средний медицинский персонал здравоохранения,г. Оренбург,NA,NA,Да,Нет,vk
793,,71,Ж,19130.0,77.0,плацкарт,Нет,Нет,NA,г. Москва,NA,NA,Нет,1,одноклассники
794,,45,М,19224.0,72.0,плацкарт,Нет,Нет,NA,г. Стерлитамак,в браке,NA,Да,NA,Нет
795,,21,М,21463.0,73.0,купе,Нет,Нет,Работники сферы индивидуальных услуг,г. Белгород,NA,NA,Нет,2,instagram
796,,57,М,23649.0,88.0,плацкарт,Нет,Нет,NA,г. Москва,NA,NA,NA,1,Нет
797,,35,М,8377.0,40.0,плацкарт,Да,Нет,Специалисты в сфере бизнеса и администрирования,г. Москва,NA,высшее,NA,NA,facebook
798,,45,М,16494.0,58.0,плацкарт,Нет,Нет,NA,г. Петропавловск-Камчатский,NA,высшее,Нет,Нет,Нет
799,,71,Ж,15040.0,49.0,купе,Нет,Нет,NA,г. Волгоград,вдова,среднее общее,NA,1,одноклассники
800,,17,Ж,20993.0,72.0,купе,Нет,Нет,NA,г. Москва,NA,NA,NA,Нет,Нет
801,,40,М,21552.0,87.0,плацкарт,Нет,Нет,NA,г. Уфа,NA,NA,NA,Нет,Нет
802,,44,М,23216.0,73.0,купе,Нет,Нет,NA,г. Уфа,NA,NA,Нет,Нет,Нет
803,,38,Ж,14968.0,44.0,купе,Да,Нет,NA,г. Москва,NA,NA,Да,NA,instagram
804,,19,Ж,15963.0,66.0,плацкарт,Нет,Нет,NA,г. Санкт-Петербург,NA,NA,NA,NA,Нет
805,,37,Ж,16397.0,70.0,плацкарт,Нет,Нет,NA,г. Северск,NA,среднее профессиональное,NA,1,facebook
806,,31,М,18574.0,77.0,плацкарт,Нет,Нет,Специалисты-техники в области науки и техники,г. Москва,NA,среднее профессиональное,NA,Нет,Нет
807,,54,Ж,16314.0,74.0,плацкарт,Да,Нет,Средний специальный персонал по экономической и административной деятельности,г. Хабаровск,в браке,высшее,NA,Нет,одноклассники
808,,89,М,19813.0,66.0,купе,Нет,Нет,NA,г. Москва,в браке,NA,Нет,NA,tiktok
809,,17,М,18285.0,66.0,плацкарт,Нет,Нет,NA,г. Москва,NA,NA,Нет,Нет,одноклассники
810,,50,М,17637.0,69.0,плацкарт,Нет,Нет,NA,г. Санкт-Петербург,в браке,среднее профессиональное,Да,2,vk
811,,66,М,17311.0,54.0,купе,Нет,Нет,NA,г. Прокопьевск,NA,NA,NA,Нет,Нет
812,,78,М,21493.0,80.0,плацкарт,Нет,Нет,NA,г. Махачкала,NA,среднее профессиональное,Да,NA,vk
813,,95,Ж,26771.0,88.0,купе,Нет,Нет,NA,г. Петропавловск-Камчатский,NA,среднее общее,NA,Нет,Нет
814,,80,М,16605.0,58.0,купе,Нет,Нет,NA,г. Чебоксары,в браке,высшее,Нет,NA,одноклассники
815,,59,Ж,25044.0,95.0,плацкарт,Нет,Нет,NA,г. Санкт-Петербург,NA,NA,NA,NA,одноклассники
816,,69,М,18657.0,63.0,купе,Нет,Нет,NA,г. Королёв,NA,высшее,NA,2,Нет
817,,30,Ж,17230.0,80.0,плацкарт,Нет,Нет,NA,г. Санкт-Петербург,NA,NA,NA,1,Нет
818,,39,Ж,13136.0,52.0,плацкарт,Нет,Нет,Специалисты по информационно-коммуникационным технологиям (ИКТ),г. Москва,NA,NA,Нет,Нет,facebook
819,,70,Ж,8239.0,45.0,плацкарт,Да,Нет,NA,г. Сочи,вдова,NA,Нет,NA,facebook
820,,43,Ж,19510.0,77.0,плацкарт,Нет,Нет,NA,г. Белгород,NA,NA,NA,Нет,Нет
821,,70,М,15235.0,67.0,плацкарт,Нет,Нет,NA,г. Москва,NA,среднее профессиональное,Нет,NA,facebook
822,,36,М,21597.0,80.0,плацкарт,Нет,Нет,NA,г. Уфа,в браке,NA,NA,2,одноклассники
823,,45,Ж,17815.0,62.0,купе,Нет,Нет,NA,г. Махачкала,NA,NA,NA,Нет,Нет
824,,33,М,20629.0,76.0,плацкарт,Нет,Нет,NA,г. Балашиха,NA,NA,Нет,Нет,facebook
825,,58,М,23562.0,75.0,купе,Да,Нет,NA,г. Обнинск,NA,NA,NA,Нет,facebook
826,,67,М,14709.0,79.0,плацкарт,Нет,Нет,NA,г. Пермь,NA,NA,Нет,Нет,Нет
827,,69,Ж,23488.0,79.0,купе,Нет,Нет,NA,г. Санкт-Петербург,NA,NA,NA,NA,Нет
828,,55,Ж,16422.0,74.0,плацкарт,Нет,Нет,NA,г. Дзержинск,не состояла в браке,среднее профессиональное,NA,NA,facebook
829,,56,М,18512.0,54.0,купе,Нет,Нет,Служащие в сфере обработки числовой информации и учета материальных ценностей,г. Москва,NA,среднее профессиональное,Нет,1,одноклассники
830,,39,Ж,14640.0,59.0,плацкарт,Нет,Нет,Специалисты в сфере бизнеса и администрирования,г. Наб. Челны,разведена,NA,NA,2,Нет
831,,23,Ж,18045.0,76.0,плацкарт,Нет,Нет,NA,г. Подольск,NA,среднее профессиональное,Да,2,instagram
832,,23,М,18392.0,73.0,плацкарт,Нет,Нет,NA,г. Тверь,NA,NA,Нет,2,instagram
833,,46,Ж,17895.0,65.0,плацкарт,Нет,Нет,NA,г. Липецк,NA,высшее,NA,NA,Нет
834,,59,М,15550.0,57.0,плацкарт,Нет,Нет,"Рабочие, занятые в металлообрабатывающем и машиностроительном производстве, механики и ремонтники",г. Чебоксары,в браке,NA,NA,NA,facebook
835,,52,Ж,8939.0,40.0,плацкарт,Нет,Нет,NA,г. Москва,NA,высшее,NA,Нет,instagram
836,,32,Ж,25426.0,84.0,купе,Нет,Нет,Специалисты в области науки и техники,г. Петропавловск-Камчатский,NA,NA,NA,NA,vk
837,,61,М,15813.0,52.0,купе,Нет,Нет,NA,г. Мытищи,NA,NA,NA,NA,Нет
838,,66,М,22554.0,78.0,купе,Нет,Нет,NA,г. Санкт-Петербург,NA,среднее общее,NA,1,Нет
839,,17,Ж,23326.0,89.0,плацкарт,Нет,Нет,NA,г. Тольятти,не состояла в браке,NA,NA,Нет,Нет
840,,82,Ж,12910.0,37.0,купе,Нет,Нет,NA,г. Воронеж,NA,NA,NA,Нет,одноклассники
841,,27,М,7722.0,38.0,плацкарт,Нет,Нет,NA,г. Калининград,NA,среднее профессиональное,NA,2,Нет
842,,67,Ж,22529.0,66.0,купе,Нет,Нет,NA,г. Волгодонск,NA,NA,NA,Нет,Нет
843,,30,М,8324.0,43.0,плацкарт,Нет,Нет,"Специалисты в области права, гуманитарных областей и культуры",г. Екатеринбург,NA,NA,NA,Нет,Нет
844,,61,М,12546.0,30.0,люкс,Нет,Нет,NA,г. Пенза,NA,NA,Нет,Нет,Нет
845,,57,М,10451.0,50.0,плацкарт,Нет,Нет,NA,г. Ульяновск,NA,NA,NA,Нет,одноклассники
846,,60,Ж,14390.0,62.0,плацкарт,Нет,Нет,NA,г. Омск,NA,среднее общее,NA,NA,Нет
847,,49,Ж,28038.0,101.0,плацкарт,Нет,Нет,NA,г. Москва,в браке,NA,NA,2,Нет
848,,41,М,25719.0,87.0,купе,Нет,Нет,NA,г. Санкт-Петербург,NA,среднее общее,NA,Нет,Нет
849,,42,М,14154.0,55.0,плацкарт,Нет,Нет,Уборщики и прислуга ,г. Махачкала,в браке,среднее профессиональное,NA,NA,Нет
850,,28,Ж,10068.0,37.0,плацкарт,Нет,Нет,NA,г. Саратов,NA,NA,Нет,NA,facebook
851,,47,Ж,19083.0,65.0,купе,Нет,Нет,NA,г. Керчь,NA,высшее,Нет,3,Нет
852,,62,М,27603.0,82.0,купе,Нет,Нет,NA,г. Москва,в браке,среднее общее,NA,2,Нет
853,,27,Ж,17530.0,54.0,купе,Нет,Нет,NA,г. Омск,NA,NA,NA,NA,Нет
854,,30,М,17836.0,72.0,плацкарт,Нет,Нет,NA,г. Хасавюрт,NA,NA,NA,1,facebook
855,,65,Ж,24587.0,67.0,купе,Да,Нет,NA,г. Октябрьский,разведена,среднее профессиональное,NA,2,Нет
856,,40,Ж,10206.0,16.0,люкс,Нет,Нет,Служащие в сфере обработки числовой информации и учета материальных ценностей,г. Якутск,NA,NA,NA,Нет,Нет
857,,57,М,11111.0,51.0,плацкарт,Нет,Нет,NA,г. Курск,NA,NA,Нет,NA,одноклассники
858,,35,Ж,19702.0,78.0,плацкарт,Нет,Нет,NA,г. Новосибирск,NA,NA,Нет,2,facebook
859,,41,Ж,14538.0,27.0,люкс,Нет,Нет,NA,г. Омск,NA,NA,Нет,2,Нет
860,,31,Ж,13082.0,48.0,плацкарт,Нет,Нет,"Рабочие, занятые в металлообрабатывающем и машиностроительном производстве, механики и ремонтники",г. Хабаровск,NA,среднее профессиональное,Нет,3,facebook
861,,42,Ж,11416.0,42.0,плацкарт,Нет,Нет,NA,г. Москва,NA,среднее профессиональное,NA,1,Нет
862,,54,Ж,13290.0,61.0,плацкарт,Нет,Нет,NA,г. Тюмень,NA,NA,Да,Нет,vk
863,,36,М,26350.0,96.0,плацкарт,Нет,Нет,NA,г. Барнаул,NA,среднее профессиональное,NA,Нет,одноклассники
864,,35,М,15985.0,53.0,купе,Нет,Нет,Работники сферы индивидуальных услуг,г. Краснодар,разведен,NA,NA,3,одноклассники
865,,39,М,9081.0,41.0,плацкарт,Нет,Нет,Специалисты в области науки и техники,г. Тюмень,в браке,высшее,NA,2,Нет
866,,18,М,20782.0,72.0,купе,Нет,Нет,NA,г. Пятигорск,NA,NA,Да,1,tiktok
867,,44,Ж,16553.0,64.0,плацкарт,Нет,Нет,NA,г. Вологда,NA,NA,NA,4,Нет
868,,37,Ж,8740.0,25.0,купе,Нет,Нет,NA,г. Волгоград,NA,NA,NA,2,facebook
869,,89,М,23031.0,93.0,плацкарт,Нет,Нет,NA,г. Ижевск,в браке,среднее профессиональное,NA,Нет,одноклассники
870,,36,Ж,12596.0,49.0,плацкарт,Нет,Нет,NA,г. Кемерово,NA,NA,Да,Нет,instagram
871,,34,М,18743.0,68.0,плацкарт,Нет,Нет,"Работники, оказывающие услуги по индивидуальному уходу",г. Пермь,NA,NA,NA,1,одноклассники
872,,64,М,29026.0,95.0,купе,Да,Нет,NA,г. Москва,в браке,NA,Нет,Нет,Нет
873,,34,М,23387.0,79.0,купе,Нет,Нет,NA,г. Москва,в браке,NA,Да,Нет,instagram
874,,48,Ж,17778.0,70.0,плацкарт,Нет,Нет,"Специалисты в области права, гуманитарных областей и культуры",г. Хабаровск,NA,NA,NA,NA,Нет
875,,24,М,25308.0,81.0,купе,Нет,Нет,NA,г. Новокузнецк,не состоял в браке,среднее профессиональное,NA,Нет,Нет
876,,51,М,18494.0,74.0,плацкарт,Нет,Да,NA,г. Новосибирск,NA,NA,Нет,Нет,facebook
877,,65,Ж,21262.0,97.0,плацкарт,Нет,Нет,NA,г. Сыктывкар,в браке,NA,NA,2,Нет
878,,64,М,11911.0,52.0,плацкарт,Нет,Нет,NA,г. Уссурийск,разведен,NA,Нет,1,Нет
879,,61,М,15441.0,39.0,СВ,Нет,Нет,NA,г. Красноярск,в браке,среднее профессиональное,NA,NA,Нет
880,,22,М,18631.0,87.0,плацкарт,Нет,Нет,NA,г. Одинцово,NA,NA,NA,1,vk
881,,30,Ж,19281.0,43.0,люкс,Нет,Нет,Специалисты в области науки и техники,г. Челябинск,NA,NA,NA,NA,Нет
882,,65,Ж,14129.0,55.0,плацкарт,Нет,Нет,NA,г. Липецк,NA,среднее профессиональное,NA,Нет,Нет
883,,30,Ж,8533.0,35.0,плацкарт,Нет,Нет,NA,г. Москва,NA,среднее профессиональное,NA,3,instagram
884,,69,Ж,25637.0,86.0,купе,Нет,Нет,NA,г. Калининград,NA,NA,NA,1,Нет
885,,33,Ж,18759.0,65.0,купе,Нет,Нет,Специалисты-техники в области науки и техники,г. Пермь,в браке,NA,Нет,1,vk
886,,65,Ж,29451.0,89.0,купе,Нет,Нет,NA,г. Челябинск,NA,среднее общее,NA,NA,Нет
887,,34,М,19959.0,82.0,плацкарт,Нет,Нет,NA,г. Москва,NA,NA,NA,4,facebook
888,,28,М,27446.0,77.0,купе,Нет,Нет,NA,г. Санкт-Петербург,NA,NA,NA,NA,vk
889,,62,Ж,21954.0,80.0,плацкарт,Нет,Нет,NA,г. Москва,NA,NA,Нет,1,Нет
890,,44,М,17637.0,52.0,купе,Нет,Нет,NA,г. Ставрополь,NA,NA,NA,NA,Нет
891,,41,Ж,11805.0,35.0,купе,Нет,Нет,"Работники служб, осуществляющих охрану граждан и собственности",г. Октябрьский,NA,NA,NA,NA,Нет
892,,66,Ж,25861.0,75.0,купе,Нет,Нет,NA,г. Невинномысск,NA,среднее профессиональное,NA,Нет,Нет
893,,63,М,12114.0,51.0,плацкарт,Нет,Нет,NA,г. Брянск,NA,среднее профессиональное,Нет,NA,Нет
894,,20,Ж,13709.0,60.0,плацкарт,Нет,Нет,NA,г. Челябинск,не состояла в браке,NA,NA,1,Нет
895,,22,Ж,23233.0,80.0,купе,Нет,Нет,Средний специальный персонал по экономической и административной деятельности,г. Улан-Удэ,NA,NA,NA,1,facebook
896,,59,Ж,26872.0,104.0,плацкарт,Нет,Нет,NA,г. Оренбург,NA,среднее профессиональное,NA,2,Нет
897,,33,М,14479.0,65.0,плацкарт,Нет,Нет,NA,г. Улан-Удэ,в браке,среднее профессиональное,Нет,5,facebook
898,,41,М,19876.0,65.0,купе,Нет,Нет,NA,г. Курск,в браке,NA,NA,Нет,Нет
899,,53,Ж,19821.0,54.0,купе,Нет,Нет,NA,г. Октябрьский,NA,NA,NA,NA,facebook
900,,54,М,10629.0,45.0,плацкарт,Нет,Нет,NA,г. Нижний Новгород,NA,NA,NA,Нет,одноклассники
901,,40,Ж,32186.0,127.0,плацкарт,Нет,Нет,NA,г. Барнаул,NA,NA,NA,NA,Нет
902,,35,М,23425.0,83.0,плацкарт,Да,Нет,NA,г. Чита,NA,NA,NA,1,Нет
903,,71,Ж,13356.0,44.0,купе,Нет,Нет,NA,г. Волгоград,NA,среднее профессиональное,NA,NA,Нет
904,,19,Ж,24093.0,79.0,купе,Нет,Нет,NA,г. Саранск,NA,NA,NA,3,Нет
905,,64,М,14484.0,73.0,плацкарт,Нет,Нет,NA,г. Тула,NA,NA,Нет,1,Нет
906,,84,М,11172.0,45.0,плацкарт,Нет,Нет,NA,г. Астрахань,в браке,NA,NA,1,Нет
907,,64,Ж,25995.0,75.0,купе,Нет,Нет,NA,г. Москва,NA,среднее профессиональное,Нет,Нет,Нет
908,,43,М,23765.0,81.0,купе,Нет,Нет,NA,г. Астрахань,не состоял в браке,среднее профессиональное,NA,Нет,Нет
909,,15,М,17994.0,45.0,СВ,Да,Нет,NA,г. Москва,NA,NA,NA,Нет,facebook
910,,34,М,22298.0,73.0,купе,Нет,Нет,NA,г. Москва,NA,NA,Нет,NA,facebook
911,,47,М,19731.0,66.0,купе,Нет,Нет,NA,г. Ярославль,NA,NA,Нет,1,Нет
912,,50,Ж,13889.0,49.0,плацкарт,Нет,Нет,NA,г. Норильск,в браке,NA,NA,Нет,Нет
913,,43,М,23063.0,93.0,плацкарт,Нет,Нет,Специалисты-техники в области науки и техники,г. Ростов-на-Дону,NA,NA,Нет,Нет,Нет
914,,26,М,16473.0,68.0,плацкарт,Нет,Нет,Средний специальный персонал по экономической и административной деятельности,г. Липецк,NA,среднее профессиональное,NA,NA,Нет
915,,39,М,11142.0,33.0,купе,Нет,Нет,Уборщики и прислуга ,г. Ростов-на-Дону,NA,NA,NA,NA,Нет
916,,58,М,21483.0,80.0,плацкарт,Нет,Нет,NA,г. Йошкар-Ола,NA,NA,NA,Нет,Нет
917,,49,Ж,25140.0,109.0,плацкарт,Нет,Нет,NA,г. Санкт-Петербург,NA,NA,NA,NA,Нет
918,,61,М,20351.0,80.0,плацкарт,Нет,Нет,NA,г. Новокузнецк,в браке,высшее,Да,4,Нет
919,,60,М,15096.0,55.0,плацкарт,Нет,Да,NA,г. Нижний Новгород,NA,NA,Нет,2,Нет
920,,68,М,22882.0,89.0,плацкарт,Нет,Нет,NA,г. Чита,NA,высшее,NA,Нет,Нет
921,,33,Ж,17492.0,51.0,купе,Нет,Нет,NA,г. Якутск,в браке,среднее профессиональное,NA,NA,Нет
922,,41,М,21244.0,69.0,купе,Нет,Нет,NA,г. Рязань,NA,NA,NA,NA,Нет
923,,71,Ж,16917.0,66.0,плацкарт,Нет,Нет,NA,г. Ярославль,вдова,NA,NA,NA,Нет
924,,32,М,12957.0,60.0,плацкарт,Нет,Нет,NA,г. Санкт-Петербург,NA,NA,Нет,1,facebook
925,,18,М,18132.0,58.0,купе,Нет,Нет,NA,г. Ярославль,NA,NA,Нет,NA,instagram
926,,19,Ж,19303.0,56.0,купе,Нет,Нет,NA,г. Москва,не состояла в браке,NA,Нет,NA,одноклассники
927,,50,Ж,28289.0,93.0,купе,Нет,Нет,NA,г. Якутск,NA,NA,NA,Нет,Нет
928,,43,Ж,23316.0,85.0,плацкарт,Нет,Нет,NA,г. Чебоксары,в браке,NA,NA,1,Нет
929,,24,М,15948.0,49.0,купе,Нет,Нет,NA,г. Подольск,NA,NA,Нет,NA,tiktok
930,,34,Ж,17584.0,66.0,плацкарт,Нет,Нет,NA,г. Москва,NA,среднее профессиональное,Да,Нет,instagram
931,,56,Ж,13086.0,65.0,плацкарт,Нет,Нет,NA,г. Брянск,в браке,среднее общее,NA,2,instagram
932,,80,М,2810.0,20.0,плацкарт,Нет,Нет,NA,г. Москва,NA,NA,NA,5,Нет
933,,45,М,22242.0,66.0,купе,Нет,Нет,Работники сферы индивидуальных услуг,г. Петрозаводск,NA,среднее общее,Нет,1,Нет
934,,35,М,8891.0,41.0,плацкарт,Нет,Нет,NA,г. Норильск,NA,среднее профессиональное,Нет,Нет,facebook
935,,43,Ж,14340.0,67.0,плацкарт,Нет,Нет,"Рабочие, занятые в металлообрабатывающем и машиностроительном производстве, механики и ремонтники",г. Астрахань,NA,NA,NA,NA,Нет
936,,38,Ж,10634.0,29.0,купе,Нет,Нет,NA,г. Рязань,NA,высшее,Нет,NA,vk
937,,64,М,20661.0,62.0,купе,Нет,Нет,NA,г. Санкт-Петербург,NA,среднее общее,NA,Нет,Нет
938,,16,Ж,11869.0,54.0,плацкарт,Нет,Нет,NA,г. Санкт-Петербург,NA,NA,NA,Нет,instagram
939,,48,М,11068.0,53.0,плацкарт,Нет,Нет,Специалисты в области науки и техники,г. Москва,NA,NA,NA,5,Нет
940,,76,М,16136.0,74.0,плацкарт,Нет,Нет,NA,г. Уфа,NA,NA,NA,Нет,Нет
941,,29,Ж,10761.0,38.0,плацкарт,Нет,Нет,NA,г. Тула,NA,среднее профессиональное,NA,3,facebook
942,,72,Ж,21959.0,104.0,плацкарт,Нет,Нет,NA,г. Москва,NA,NA,NA,1,Нет
943,,40,Ж,19362.0,90.0,плацкарт,Да,Нет,NA,г. Нижний Новгород,разведена,NA,NA,2,Нет
944,,58,Ж,19905.0,75.0,плацкарт,Нет,Нет,NA,г. Петропавловск-Камчатский,в браке,среднее профессиональное,NA,Нет,facebook
945,,21,М,13969.0,67.0,плацкарт,Нет,Нет,NA,г. Тюмень,не состоял в браке,NA,NA,NA,Нет
946,,61,Ж,15468.0,63.0,плацкарт,Нет,Нет,NA,г. Санкт-Петербург,не состояла в браке,NA,Нет,Нет,Нет
947,,81,М,24046.0,87.0,плацкарт,Нет,Нет,NA,г. Москва,NA,среднее профессиональное,Нет,Нет,одноклассники
948,,44,Ж,22842.0,70.0,купе,Нет,Нет,NA,г. Вологда,разведена,NA,NA,NA,Нет
949,,27,Ж,26472.0,92.0,купе,Нет,Нет,NA,г. Новомосковск,NA,NA,Нет,Нет,vk
950,,53,Ж,20035.0,67.0,купе,Нет,Нет,NA,г. Санкт-Петербург,NA,среднее профессиональное,NA,Нет,Нет
951,,79,Ж,16124.0,50.0,купе,Да,Нет,NA,г. Мытищи,NA,NA,NA,1,одноклассники
952,,67,М,14713.0,60.0,плацкарт,Нет,Нет,NA,г. Москва,NA,среднее профессиональное,NA,2,Нет
953,,20,Ж,26608.0,94.0,плацкарт,Нет,Нет,NA,г. Москва,NA,высшее,Да,Нет,vk
954,,45,Ж,18184.0,71.0,плацкарт,Нет,Нет,Водители и операторы подвижного оборудования,г. Находка,NA,NA,Нет,NA,Нет
955,,17,Ж,25781.0,104.0,плацкарт,Нет,Нет,NA,г. Иваново,NA,NA,Нет,Нет,vk
956,,38,Ж,15710.0,52.0,купе,Нет,Нет,Специалисты-техники в области науки и техники,г. Махачкала,NA,NA,Нет,Нет,facebook
957,,45,Ж,11024.0,60.0,плацкарт,Нет,Нет,NA,г. Ноябрьск,NA,NA,NA,NA,Нет
958,,46,М,23775.0,86.0,плацкарт,Нет,Нет,NA,г. Балашиха,NA,NA,NA,NA,Нет
959,,45,Ж,33942.0,102.0,купе,Нет,Нет,NA,г. Москва,NA,NA,NA,Нет,Нет
960,,48,М,17148.0,65.0,плацкарт,Нет,Нет,Водители и операторы подвижного оборудования,г. Москва,в браке,среднее общее,Да,5,Нет
961,,67,М,12949.0,46.0,плацкарт,Нет,Нет,NA,г. Ульяновск,NA,NA,Нет,NA,Нет
962,,31,Ж,13274.0,54.0,плацкарт,Нет,Нет,Специалисты-техники в области науки и техники,г. Москва,NA,NA,NA,5,Нет
963,,63,М,14246.0,59.0,плацкарт,Нет,Нет,NA,г. Самара,в браке,NA,Да,1,Нет
964,,35,Ж,24720.0,71.0,купе,Нет,Нет,NA,г. Старый Оскол,в браке,NA,NA,NA,Нет
965,,48,Ж,24712.0,69.0,купе,Нет,Нет,NA,г. Саратов,NA,NA,NA,4,Нет
966,,38,М,20018.0,63.0,купе,Нет,Нет,NA,г. Казань,NA,NA,NA,Нет,Нет
967,,66,Ж,24535.0,83.0,купе,Нет,Нет,NA,г. Новокузнецк,NA,NA,NA,NA,Нет
968,,27,М,19453.0,77.0,плацкарт,Нет,Нет,NA,г. Москва,NA,NA,Нет,Нет,одноклассники
969,,50,Ж,13670.0,60.0,плацкарт,Нет,Нет,NA,г. Москва,NA,NA,Да,NA,vk
970,,44,Ж,27484.0,84.0,купе,Нет,Нет,Служащие в сфере обработки числовой информации и учета материальных ценностей,г. Ярославль,NA,NA,Да,NA,Нет
971,,65,М,27902.0,101.0,плацкарт,Нет,Нет,NA,г. Самара,NA,NA,NA,Нет,Нет
972,,38,М,21425.0,74.0,купе,Нет,Нет,NA,г. Майкоп,в браке,NA,NA,2,Нет
973,,29,Ж,10834.0,73.0,плацкарт,Нет,Нет,NA,г. Санкт-Петербург,NA,NA,NA,Нет,Нет
974,,36,Ж,25179.0,77.0,купе,Нет,Нет,NA,г. Екатеринбург,не состояла в браке,NA,NA,Нет,Нет
975,,56,М,19479.0,87.0,плацкарт,Нет,Нет,NA,г. Череповец,NA,NA,NA,1,Нет
976,,68,Ж,17069.0,70.0,плацкарт,Нет,Нет,NA,г. Новосибирск,NA,NA,NA,NA,Нет
977,,80,М,17696.0,67.0,плацкарт,Нет,Нет,NA,г. Казань,NA,NA,NA,2,facebook
978,,51,М,16102.0,72.0,плацкарт,Нет,Нет,NA,г. Чебоксары,NA,NA,NA,Нет,instagram
979,,72,М,25265.0,72.0,купе,Нет,Нет,NA,г. Санкт-Петербург,NA,высшее,NA,Нет,одноклассники
980,,31,Ж,16290.0,56.0,купе,Нет,Нет,NA,г. Калуга,в браке,среднее профессиональное,NA,1,Нет
981,,77,Ж,20397.0,73.0,плацкарт,Да,Да,NA,г. Санкт-Петербург,NA,NA,NA,Нет,одноклассники
982,,37,Ж,16194.0,55.0,купе,Да,Нет,NA,г. Москва,NA,NA,NA,1,Нет
983,,40,М,17132.0,50.0,купе,Нет,Нет,NA,г. Тюмень,NA,NA,NA,NA,Нет
984,,34,Ж,21371.0,81.0,плацкарт,Нет,Нет,NA,г. Оренбург,NA,NA,Да,1,vk
985,,57,М,18495.0,78.0,плацкарт,Да,Нет,Продавцы,г. Салават,NA,NA,Нет,Нет,одноклассники
986,,70,Ж,11938.0,51.0,плацкарт,Нет,Нет,NA,г. Елец,вдова,среднее профессиональное,Нет,5,tiktok
987,,18,Ж,18013.0,66.0,плацкарт,Нет,Нет,NA,г. Уфа,не состояла в браке,NA,NA,2,Нет
988,,39,Ж,12065.0,47.0,плацкарт,Нет,Нет,Служащие общего профиляи обслуживающие офисную технику,г. Тюмень,NA,высшее,Нет,1,facebook
989,,23,Ж,19192.0,67.0,купе,Нет,Нет,Неквалифицированные работники по сбору мусора и другие неквалифицированные работники,г. Йошкар-Ола,NA,NA,NA,Нет,facebook
990,,81,М,20836.0,74.0,плацкарт,Нет,Да,NA,г. Москва,NA,NA,NA,NA,Нет
991,,46,М,21356.0,55.0,СВ,Нет,Нет,Специалисты-техники в области науки и техники,г. Чита,в браке,NA,NA,Нет,Нет
992,,39,Ж,23791.0,84.0,плацкарт,Нет,Нет,NA,г. Калининград,NA,среднее профессиональное,Нет,NA,одноклассники
993,,15,Ж,10090.0,45.0,плацкарт,Нет,Нет,NA,г. Пермь,NA,NA,Нет,Нет,instagram
994,,61,М,17596.0,64.0,плацкарт,Нет,Нет,NA,г. Нальчик,NA,среднее общее,NA,Нет,Нет
995,,78,М,17683.0,68.0,плацкарт,Нет,Нет,NA,г. Москва,NA,NA,NA,NA,Нет
996,,73,М,18377.0,61.0,купе,Нет,Нет,NA,г. Балашиха,NA,среднее профессиональное,NA,NA,одноклассники
997,,40,Ж,19278.0,73.0,плацкарт,Нет,Нет,Продавцы,г. Владимир,NA,среднее профессиональное,NA,NA,Нет
998,,69,М,20361.0,94.0,плацкарт,Нет,Нет,NA,г. Абакан,NA,высшее,NA,NA,Нет
999,,33,Ж,19527.0,75.0,плацкарт,Нет,Нет,NA,г. Махачкала,не состояла в браке,NA,Да,Нет,vk
