,Unnamed: 0,name,age,sex,price,time,classes,disability,preferential,job,city,marit_status,education,smoking,childs,networks,clust
0,0,,30,М,31039.0,104.0,купе,Нет,Нет,,г. Москва,в браке,,,Нет,vk,0
1,1,,35,Ж,16694.0,58.0,купе,Нет,Нет,Работники сферы индивидуальных услуг,г. Златоуст,,высшее,Да,1,vk,1
2,2,,76,Ж,21263.0,84.0,плацкарт,Нет,Нет,,г. Тула,,,,2,Нет,2
3,3,,71,М,16374.0,55.0,купе,Нет,Нет,,г. Стерлитамак,в браке,среднее профессиональное,Нет,,одноклассники,2
4,4,,48,Ж,23127.0,88.0,плацкарт,Нет,Нет,Водители и операторы подвижного оборудования,г. Электросталь,в браке,,,Нет,Нет,0
5,5,,81,М,21747.0,68.0,купе,Нет,Нет,,г. Ростов-на-Дону,,,,4,одноклассники,2
6,6,,15,Ж,16670.0,63.0,плацкарт,Нет,Нет,,г. Пермь,,,,Нет,vk,1
7,7,,57,М,17290.0,46.0,СВ,Нет,Нет,,г. Киров,,среднее профессиональное,,Нет,Нет,1
8,8,,46,М,16711.0,63.0,плацкарт,Нет,Нет,,г. Москва,,среднее профессиональное,,Нет,Нет,1
9,9,,74,М,13382.0,45.0,купе,Нет,Нет,,г. Мурманск,,высшее,Нет,Нет,одноклассники,2
10,10,,37,М,9040.0,33.0,плацкарт,Да,Нет,,г. Новочебоксарск,в браке,среднее профессиональное,Нет,,vk,1
11,11,,35,Ж,15206.0,64.0,плацкарт,Нет,Нет,,г. Зеленодольск,,среднее профессиональное,,2,instagram,1
12,12,,43,М,19376.0,77.0,плацкарт,Да,Нет,,г. Йошкар-Ола,,,,Нет,Нет,0
13,13,,43,Ж,19973.0,73.0,плацкарт,Нет,Нет,"Работники служб, осуществляющих охрану граждан и собственности",г. Стерлитамак,,среднее профессиональное,Да,Нет,Нет,0
14,14,,41,Ж,21997.0,59.0,СВ,Нет,Нет,Средний специальный персонал по экономической и административной деятельности,г. Чебоксары,,,,,Нет,0
15,15,,80,М,23968.0,78.0,купе,Да,Нет,,г. Раменское,вдовец,,,1,Нет,2
16,16,,60,М,8585.0,48.0,плацкарт,Нет,Нет,,г. Челябинск,,среднее профессиональное,,,Нет,1
17,17,,50,М,21472.0,63.0,купе,Нет,Нет,,г. Москва,,,,3,одноклассники,2
18,18,,31,Ж,19429.0,72.0,плацкарт,Нет,Нет,"Специалисты в области права, гуманитарных областей и культуры",г. Новый Уренгой,разведена,,,Нет,Нет,0
19,19,,38,М,6025.0,34.0,плацкарт,Нет,Нет,,г. Екатеринбург,,среднее профессиональное,,1,Нет,1
20,20,,59,Ж,19539.0,36.0,люкс,Нет,Нет,,г. Екатеринбург,,среднее профессиональное,,1,vk,1
21,21,,45,Ж,23552.0,72.0,купе,Нет,Нет,,г. Белгород,не состояла в браке,высшее,,2,Нет,0
22,22,,56,Ж,21519.0,64.0,купе,Нет,Да,,г. Санкт-Петербург,,среднее общее,,,Нет,2
23,23,,25,Ж,18806.0,71.0,плацкарт,Нет,Нет,"Рабочие, занятые в строительстве, и рабочие родственных занятий (за исключением электриков)",г. Челябинск,,,,Нет,vk,0
24,24,,64,Ж,28157.0,80.0,купе,Нет,Нет,,г. Орёл,,,Нет,Нет,Нет,2
25,25,,20,Ж,16650.0,70.0,плацкарт,Нет,Нет,,г. Севастополь,,высшее,,1,Нет,0
26,26,,72,Ж,24120.0,72.0,купе,Нет,Нет,,г. Самара,,,,,Нет,2
27,27,,90,М,5993.0,26.0,плацкарт,Нет,Нет,,г. Санкт-Петербург,,высшее,,1,Нет,1
28,28,,40,М,15417.0,62.0,плацкарт,Нет,Нет,,г. Ногинск,,,,1,Нет,1
29,29,,48,Ж,19381.0,53.0,купе,Нет,Нет,,г. Новороссийск,,среднее общее,,,Нет,1
30,30,,42,М,16478.0,61.0,плацкарт,Нет,Нет,Средний специальный персонал по экономической и административной деятельности,г. Хабаровск,,,,Нет,Нет,1
31,31,,42,М,11262.0,27.0,СВ,Нет,Нет,,г. Краснодар,,высшее,Нет,2,Нет,1
32,32,,46,Ж,19144.0,54.0,купе,Нет,Нет,,г. Калининград,,,,,Нет,1
33,33,,55,М,16161.0,69.0,плацкарт,Нет,Нет,,г. Вологда,в браке,высшее,Нет,1,одноклассники,2
34,34,,44,Ж,18089.0,59.0,купе,Нет,Нет,,г. Ставрополь,,,Да,,Нет,1
35,35,,45,Ж,16569.0,55.0,купе,Нет,Нет,,г. Санкт-Петербург,,,Нет,1,Нет,1
36,36,,42,М,30211.0,100.0,купе,Нет,Нет,,г. Краснодар,,,,1,Нет,0
37,37,,56,М,21810.0,82.0,плацкарт,Нет,Нет,,г. Пенза,в браке,неполное высшее,,Нет,одноклассники,2
38,38,,17,Ж,9029.0,46.0,плацкарт,Нет,Нет,,г. Орёл,,,Нет,Нет,facebook,1
39,39,,21,Ж,14111.0,73.0,плацкарт,Нет,Нет,Служащие общего профиляи обслуживающие офисную технику,г. Ростов-на-Дону,,,,5,tiktok,1
40,40,,37,М,20940.0,76.0,плацкарт,Нет,Нет,Рабочие в области электротехники и электроники,г. Нальчик,,,,Нет,vk,0
41,41,,36,Ж,22656.0,73.0,купе,Нет,Нет,Неквалифицированные работники по сбору мусора и другие неквалифицированные работники,г. Самара,,высшее,,,Нет,0
42,42,,43,Ж,23101.0,81.0,плацкарт,Нет,Нет,,г. Омск,,высшее,Нет,Нет,Нет,0
43,43,,35,Ж,16080.0,79.0,плацкарт,Нет,Нет,,г. Москва,в браке,,,1,vk,0
44,44,,30,М,14545.0,61.0,плацкарт,Нет,Нет,,г. Пермь,в браке,среднее профессиональное,Нет,Нет,одноклассники,1
45,45,,34,М,20562.0,71.0,купе,Нет,Нет,"Рабочие, занятые в металлообрабатывающем и машиностроительном производстве, механики и ремонтники",г. Казань,не состоял в браке,высшее,,,Нет,0
46,46,,34,Ж,21271.0,74.0,купе,Нет,Нет,Специалисты в сфере бизнеса и администрирования,г. Петрозаводск,в браке,среднее профессиональное,,Нет,vk,0
47,47,,80,М,15404.0,71.0,плацкарт,Нет,Нет,,г. Северодвинск,,высшее,,5,одноклассники,2
48,48,,58,М,6888.0,42.0,плацкарт,Нет,Нет,,г. Курск,,,,,Нет,1
49,49,,27,Ж,17713.0,69.0,плацкарт,Нет,Нет,"Неквалифицированные рабочие сельского и лесного хозяйства, рыбоводства и рыболовства",г. Нижний Тагил,,,Да,Нет,vk,0
50,50,,45,Ж,20118.0,65.0,купе,Да,Нет,,г. Таганрог,,среднее профессиональное,,1,Нет,0
51,51,,26,М,8434.0,55.0,плацкарт,Нет,Нет,,г. Тюмень,не состоял в браке,,Нет,3,facebook,1
52,52,,26,М,5424.0,42.0,плацкарт,Нет,Нет,,г. Иркутск,в браке,среднее профессиональное,,,vk,1
53,53,,25,М,11007.0,51.0,плацкарт,Нет,Нет,,г. Нижневартовск,,высшее,Нет,,facebook,1
54,54,,64,Ж,18749.0,66.0,плацкарт,Нет,Нет,,г. Москва,,среднее профессиональное,Нет,,Нет,2
55,55,,91,Ж,24331.0,86.0,плацкарт,Нет,Нет,,г. Москва,,среднее общее,Нет,,Нет,2
56,56,,29,М,20615.0,63.0,купе,Нет,Нет,,г. Сыктывкар,в браке,,,5,Нет,0
57,57,,41,М,21375.0,81.0,плацкарт,Нет,Нет,,г. Белгород,,,,,Нет,0
58,58,,26,М,23149.0,92.0,плацкарт,Нет,Нет,,г. Москва,не состоял в браке,среднее профессиональное,Нет,,instagram,0
59,59,,43,Ж,4930.0,31.0,плацкарт,Нет,Нет,,г. Химки,,,,Нет,Нет,1
60,60,,45,М,13226.0,53.0,плацкарт,Нет,Нет,Водители и операторы подвижного оборудования,г. Нижневартовск,,,,Нет,Нет,1
61,61,,61,М,14739.0,64.0,плацкарт,Нет,Нет,,г. Шахты,,,,1,Нет,2
62,62,,44,М,18259.0,64.0,плацкарт,Нет,Нет,,г. Курган,,,Да,1,Нет,1
63,63,,41,Ж,27431.0,102.0,плацкарт,Нет,Нет,,г. Москва,в браке,,,1,Нет,0
64,64,,69,М,13348.0,44.0,купе,Нет,Нет,,г. Пенза,,среднее профессиональное,,,Нет,1
65,65,,57,Ж,13964.0,50.0,плацкарт,Нет,Нет,,г. Москва,в браке,,,Нет,facebook,1
66,66,,63,Ж,22755.0,88.0,плацкарт,Да,Нет,,г. Волгоград,в браке,среднее общее,Да,,Нет,2
67,67,,27,Ж,20922.0,70.0,купе,Нет,Нет,,г. Домодедово,,,,,facebook,0
68,68,,30,Ж,17203.0,58.0,купе,Нет,Нет,Специалисты-техники в области информационно-коммуникационных технологий (ИКТ),г. Оренбург,,,Нет,Нет,facebook,1
69,69,,53,М,27374.0,82.0,купе,Нет,Нет,,г. Тюмень,,,,Нет,facebook,0
70,70,,56,Ж,16050.0,63.0,плацкарт,Нет,Нет,Неквалифицированные работники по сбору мусора и другие неквалифицированные работники,г. Москва,в браке,,,1,одноклассники,2
71,71,,35,М,25003.0,81.0,купе,Нет,Нет,,г. Долгопрудный,,,Нет,,facebook,0
72,72,,35,Ж,22614.0,90.0,плацкарт,Нет,Нет,Работники сферы индивидуальных услуг,г. Кемерово,,среднее профессиональное,,,vk,0
73,73,,72,М,14596.0,51.0,купе,Нет,Да,,г. Кемерово,,,,,Нет,2
74,74,,87,М,23327.0,71.0,купе,Нет,Да,,г. Тюмень,,,,Нет,одноклассники,2
75,75,,17,Ж,17743.0,67.0,плацкарт,Нет,Нет,,г. Красногорск,,,Да,Нет,tiktok,0
76,76,,64,М,17158.0,71.0,плацкарт,Нет,Нет,,г. Хабаровск,в браке,высшее,,Нет,Нет,2
77,77,,26,М,14775.0,62.0,плацкарт,Нет,Нет,,г. Саратов,не состоял в браке,,,1,одноклассники,1
78,78,,16,М,20104.0,59.0,купе,Нет,Нет,,г. Волгоград,не состоял в браке,,,Нет,Нет,0
79,79,,52,Ж,14127.0,58.0,плацкарт,Нет,Нет,Специалисты-техники в области науки и техники,г. Балашиха,,,,,instagram,1
80,80,,85,Ж,24057.0,77.0,купе,Нет,Нет,,г. Махачкала,,,Нет,Нет,одноклассники,2
81,81,,40,Ж,27139.0,80.0,купе,Нет,Нет,,г. Невинномысск,,среднее профессиональное,Нет,Нет,Нет,0
82,82,,66,М,16161.0,73.0,плацкарт,Нет,Нет,,г. Воронеж,,среднее профессиональное,,,Нет,2
83,83,,81,Ж,15621.0,50.0,купе,Нет,Нет,,г. Чебоксары,,,,Нет,одноклассники,2
84,84,,39,М,21918.0,82.0,плацкарт,Нет,Нет,Средний специальный персонал по экономической и административной деятельности,г. Москва,,,,,Нет,0
85,85,,32,Ж,16630.0,64.0,плацкарт,Нет,Нет,Водители и операторы подвижного оборудования,г. Новочеркасск,в браке,среднее профессиональное,Нет,,facebook,1
86,86,,46,Ж,18050.0,78.0,плацкарт,Да,Нет,,г. Улан-Удэ,,,,4,Нет,0
87,87,,15,Ж,18134.0,62.0,купе,Нет,Нет,,г. Москва,,,Нет,Нет,vk,0
88,88,,48,Ж,22564.0,86.0,плацкарт,Нет,Нет,,г. Новокузнецк,,среднее профессиональное,,,Нет,0
89,89,,40,Ж,9982.0,41.0,плацкарт,Нет,Нет,,г. Калуга,,среднее профессиональное,,1,Нет,1
90,90,,53,Ж,24308.0,82.0,купе,Нет,Да,,г. Уфа,,среднее профессиональное,,Нет,facebook,0
91,91,,29,Ж,16758.0,55.0,купе,Нет,Нет,,г. Красноярск,,высшее,,,vk,1
92,92,,55,Ж,19035.0,84.0,плацкарт,Нет,Нет,,г. Москва,,высшее,,Нет,одноклассники,2
93,93,,23,Ж,21649.0,63.0,купе,Нет,Нет,,г. Москва,,,,Нет,Нет,0
94,94,,32,Ж,15804.0,55.0,купе,Нет,Нет,"Специалисты в области права, гуманитарных областей и культуры",г. Якутск,не состояла в браке,,Нет,Нет,vk,1
95,95,,35,М,19337.0,82.0,плацкарт,Да,Нет,,г. Астрахань,,,Да,3,instagram,0
96,96,,54,М,11571.0,51.0,плацкарт,Нет,Нет,,г. Самара,,среднее профессиональное,,5,Нет,1
97,97,,55,М,12988.0,48.0,плацкарт,Нет,Нет,,г. Москва,,,,1,facebook,1
98,98,,40,М,15884.0,54.0,купе,Нет,Нет,,г. Королёв,в браке,высшее,,Нет,Нет,1
99,99,,20,Ж,11744.0,54.0,плацкарт,Нет,Нет,,г. Челябинск,в браке,,Да,Нет,facebook,1
100,100,,47,Ж,19047.0,55.0,купе,Нет,Нет,,г. Москва,,среднее общее,Нет,1,Нет,1
101,101,,20,Ж,18531.0,74.0,плацкарт,Нет,Нет,,г. Пермь,не состояла в браке,,,1,Нет,0
102,102,,43,Ж,10769.0,51.0,плацкарт,Нет,Нет,,г. Екатеринбург,,,Нет,,Нет,1
103,103,,31,М,20127.0,56.0,купе,Нет,Нет,,г. Нижний Новгород,,,,1,vk,1
104,104,,19,М,27009.0,87.0,купе,Нет,Нет,,г. Армавир,,,,4,Нет,0
105,105,,65,Ж,11333.0,53.0,плацкарт,Нет,Нет,,г. Магнитогорск,,,,,Нет,1
106,106,,72,М,23337.0,65.0,купе,Нет,Нет,,г. Ростов-на-Дону,вдовец,,Нет,Нет,instagram,2
107,107,,67,Ж,20454.0,81.0,плацкарт,Нет,Нет,Неквалифицированные работники по сбору мусора и другие неквалифицированные работники,г. Москва,,среднее профессиональное,,,Нет,2
108,108,,56,М,19676.0,60.0,купе,Нет,Нет,,г. Томск,в браке,,Нет,2,одноклассники,2
109,109,,33,М,17313.0,66.0,плацкарт,Нет,Нет,"Средний специальный персонал в области правовой, социальной работы, культуры, обучения, спорта и родственных занятий",г. Екатеринбург,,,,,instagram,1
110,110,,37,Ж,22347.0,80.0,плацкарт,Нет,Нет,,г. Ангарск,,,,,vk,0
111,111,,67,Ж,17602.0,70.0,плацкарт,Да,Нет,,г. Красноярск,в браке,,,,Нет,2
112,112,,33,Ж,18010.0,61.0,купе,Нет,Нет,"Рабочие, занятые в металлообрабатывающем и машиностроительном производстве, механики и ремонтники",г. Оренбург,разведена,,Нет,,facebook,1
113,113,,94,М,23951.0,100.0,плацкарт,Нет,Нет,,г. Воронеж,,,,,Нет,2
114,114,,63,М,17982.0,60.0,купе,Нет,Нет,,г. Тольятти,в браке,,Нет,1,Нет,2
115,115,,59,М,22012.0,78.0,плацкарт,Да,Нет,,г. Москва,в браке,,Да,2,tiktok,2
116,116,,73,М,28422.0,86.0,купе,Нет,Нет,,г. Москва,,,Нет,3,одноклассники,2
117,117,,58,Ж,11991.0,60.0,плацкарт,Нет,Нет,,г. Киров,в браке,среднее профессиональное,Нет,Нет,одноклассники,1
118,118,,22,Ж,18060.0,83.0,плацкарт,Нет,Нет,,г. Новороссийск,,среднее профессиональное,,Нет,vk,0
119,119,,49,Ж,23184.0,92.0,плацкарт,Нет,Нет,,г. Ангарск,,,Нет,1,Нет,0
120,120,,55,М,17896.0,47.0,СВ,Нет,Нет,,г. Орск,,высшее,,1,facebook,1
121,121,,54,М,13240.0,51.0,плацкарт,Нет,Нет,,г. Нижний Новгород,,,,,instagram,1
122,122,,36,Ж,12312.0,53.0,плацкарт,Нет,Нет,"Рабочие пищевой, деревообрабатывающей, текстильной и швейной промышленности и рабочие родственных занятий",г. Москва,,неполное высшее,Нет,Нет,одноклассники,1
123,123,,49,Ж,15429.0,57.0,плацкарт,Да,Нет,Средний специальный персонал по экономической и административной деятельности,г. Рязань,,,,3,Нет,1
124,124,,82,М,19834.0,68.0,купе,Нет,Нет,,г. Москва,,,,1,одноклассники,2
125,125,,88,М,14591.0,60.0,плацкарт,Нет,Нет,,г. Санкт-Петербург,,,,,одноклассники,2
126,126,,46,Ж,13170.0,66.0,плацкарт,Нет,Нет,,г. Пенза,,,,,Нет,1
127,127,,57,Ж,17451.0,74.0,плацкарт,Да,Нет,,г. Хабаровск,в браке,высшее,,2,facebook,2
128,128,,26,М,21082.0,70.0,купе,Нет,Нет,,г. Мытищи,,,,Нет,Нет,0
129,129,,87,Ж,12686.0,39.0,купе,Да,Нет,,г. Краснодар,,высшее,Нет,,instagram,2
130,130,,42,Ж,10304.0,38.0,плацкарт,Нет,Нет,,г. Волгоград,,,,Нет,Нет,1
131,131,,48,Ж,19584.0,63.0,купе,Нет,Нет,,г. Воронеж,,среднее общее,,Нет,Нет,2
132,132,,34,Ж,12681.0,34.0,СВ,Нет,Нет,,г. Воронеж,,,Нет,1,vk,1
133,133,,27,М,21367.0,51.0,люкс,Да,Нет,,г. Москва,в браке,,,,Нет,1
134,134,,69,Ж,25962.0,71.0,купе,Нет,Нет,,г. Мытищи,,,Нет,2,Нет,2
135,135,,59,Ж,31075.0,93.0,купе,Нет,Нет,Операторы промышленных установок и стационарногооборудования,г. Уфа,в браке,среднее общее,,Нет,facebook,0
136,136,,28,М,19448.0,55.0,купе,Нет,Нет,Водители и операторы подвижного оборудования,г. Санкт-Петербург,в браке,среднее общее,Нет,Нет,vk,1
137,137,,40,Ж,14358.0,49.0,купе,Нет,Нет,,г. Москва,,,Нет,,Нет,1
138,138,,40,М,19045.0,76.0,плацкарт,Нет,Нет,,г. Альметьевск,,среднее профессиональное,,,Нет,0
139,139,,27,Ж,16486.0,30.0,люкс,Нет,Нет,,г. Балаково,,,,3,Нет,1
140,140,,41,М,16084.0,62.0,плацкарт,Нет,Нет,Специалисты в области здравоохранения,г. Новосибирск,не состоял в браке,среднее общее,Нет,Нет,Нет,1
141,141,,35,М,18707.0,80.0,плацкарт,Нет,Нет,,г. Ставрополь,,среднее профессиональное,,,instagram,0
142,142,,43,Ж,20644.0,73.0,плацкарт,Нет,Нет,,г. Уссурийск,,,Нет,Нет,Нет,0
143,143,,23,Ж,8067.0,42.0,плацкарт,Нет,Нет,,г. Волгоград,,среднее профессиональное,,1,vk,1
144,144,,33,М,14024.0,70.0,плацкарт,Нет,Нет,,г. Москва,,высшее,,2,instagram,1
145,145,,37,Ж,12473.0,54.0,плацкарт,Нет,Нет,"Рабочие, занятые в строительстве, и рабочие родственных занятий (за исключением электриков)",г. Новочеркасск,разведена,,,Нет,facebook,1
146,146,,22,Ж,22114.0,74.0,купе,Нет,Нет,,г. Дзержинск,,,,4,facebook,0
147,147,,33,М,15444.0,58.0,плацкарт,Нет,Нет,"Специалисты в области права, гуманитарных областей и культуры",г. Рубцовск,не состоял в браке,,,,Нет,1
148,148,,38,Ж,23119.0,79.0,купе,Нет,Нет,,г. Улан-Удэ,,,Да,Нет,instagram,0
149,149,,44,М,18738.0,54.0,купе,Нет,Нет,,г. Саратов,,среднее общее,,Нет,Нет,1
150,150,,59,М,13853.0,41.0,купе,Да,Нет,,г. Владивосток,в браке,,Нет,,facebook,1
151,151,,19,М,19266.0,48.0,СВ,Нет,Нет,,г. Батайск,,,Нет,1,facebook,1
152,152,,71,М,10162.0,43.0,плацкарт,Нет,Нет,,г. Рыбинск,,,,,Нет,1
153,153,,42,Ж,11485.0,41.0,плацкарт,Нет,Нет,Водители и операторы подвижного оборудования,г. Севастополь,,,,Нет,Нет,1
154,154,,21,М,25120.0,73.0,купе,Да,Нет,,г. Обнинск,,,,Нет,vk,0
155,155,,42,М,18310.0,72.0,плацкарт,Нет,Нет,,г. Братск,,высшее,,1,Нет,0
156,156,,71,Ж,25811.0,89.0,купе,Нет,Нет,,г. Хабаровск,разведена,,,,facebook,2
157,157,,25,М,13632.0,53.0,плацкарт,Нет,Нет,,г. Воронеж,не состоял в браке,,,,Нет,1
158,158,,48,Ж,12091.0,52.0,плацкарт,Нет,Нет,,г. Улан-Удэ,,среднее профессиональное,,,Нет,1
159,159,,80,Ж,15890.0,72.0,плацкарт,Да,Нет,,г. Воронеж,в браке,среднее общее,,5,Нет,2
160,160,,80,Ж,19039.0,74.0,плацкарт,Нет,Нет,,г. Хабаровск,,,Нет,Нет,одноклассники,2
161,161,,18,М,13974.0,59.0,плацкарт,Нет,Нет,,г. Санкт-Петербург,,,,4,Нет,1
162,162,,39,Ж,11874.0,47.0,плацкарт,Нет,Нет,,г. Оренбург,,,,2,Нет,1
163,163,,29,Ж,10009.0,34.0,купе,Нет,Нет,,г. Владивосток,не состояла в браке,среднее профессиональное,,Нет,vk,1
164,164,,17,Ж,16032.0,63.0,плацкарт,Нет,Нет,,г. Рыбинск,,,,Нет,Нет,1
165,165,,33,М,21542.0,68.0,купе,Нет,Нет,,г. Череповец,в браке,,,Нет,facebook,0
166,166,,47,Ж,17663.0,67.0,плацкарт,Нет,Нет,,г. Санкт-Петербург,,,Да,1,Нет,1
167,167,,20,Ж,17747.0,57.0,купе,Нет,Нет,,г. Нижневартовск,не состояла в браке,высшее,,3,Нет,1
168,168,,81,М,28397.0,99.0,купе,Нет,Нет,,г. Санкт-Петербург,в браке,,,2,facebook,2
169,169,,44,М,21035.0,84.0,плацкарт,Нет,Нет,,г. Челябинск,,,Да,Нет,Нет,0
170,170,,60,М,15280.0,51.0,купе,Нет,Нет,,г. Керчь,,среднее профессиональное,,Нет,Нет,1
171,171,,81,М,13642.0,49.0,плацкарт,Нет,Нет,,г. Пенза,,,,,Нет,2
172,172,,58,Ж,9150.0,32.0,купе,Нет,Нет,Средний медицинский персонал здравоохранения,г. Белгород,разведена,среднее профессиональное,Да,1,instagram,1
173,173,,40,Ж,17947.0,77.0,плацкарт,Нет,Нет,,г. Москва,,высшее,,,Нет,0
174,174,,23,Ж,19661.0,57.0,купе,Нет,Нет,,г. Евпатория,,,,Нет,одноклассники,1
175,175,,44,Ж,11817.0,42.0,плацкарт,Нет,Нет,,г. Москва,,высшее,,,Нет,1
176,176,,48,Ж,21145.0,76.0,плацкарт,Нет,Нет,,г. Севастополь,,,Да,Нет,Нет,0
177,177,,69,М,14728.0,47.0,купе,Нет,Нет,,г. Москва,,,,Нет,Нет,2
178,178,,41,Ж,16478.0,60.0,плацкарт,Нет,Нет,"Неквалифицированные рабочие, занятые в горнодобывающей промышленности, строительстве, обрабатывающей промышленности и на транспорте",г. Екатеринбург,,,,1,Нет,1
179,179,,32,Ж,21646.0,82.0,плацкарт,Да,Нет,,г. Барнаул,,,Нет,Нет,facebook,0
180,180,,32,М,15683.0,56.0,плацкарт,Нет,Нет,,г. Санкт-Петербург,,,Нет,1,facebook,1
181,181,,57,Ж,3821.0,12.0,купе,Нет,Нет,,г. Калининград,,среднее общее,,Нет,facebook,1
182,182,,41,Ж,23715.0,83.0,купе,Нет,Нет,,г. Владикавказ,,,,,Нет,0
183,183,,53,Ж,14857.0,56.0,плацкарт,Да,Нет,,г. Энгельс,в браке,,Нет,Нет,одноклассники,1
184,184,,15,М,13605.0,57.0,плацкарт,Нет,Нет,,г. Новокуйбышевск,,,,Нет,одноклассники,1
185,185,,29,Ж,13452.0,50.0,плацкарт,Нет,Нет,Водители и операторы подвижного оборудования,г. Ульяновск,не состояла в браке,,,Нет,vk,1
186,186,,45,М,27256.0,102.0,плацкарт,Нет,Нет,,г. Екатеринбург,,,Нет,Нет,Нет,0
187,187,,56,Ж,22624.0,77.0,купе,Да,Нет,,г. Воронеж,,,,Нет,Нет,2
188,188,,50,Ж,2958.0,23.0,плацкарт,Нет,Нет,,г. Новосибирск,,среднее профессиональное,,Нет,facebook,1
189,189,,24,М,12082.0,55.0,плацкарт,Нет,Нет,,г. Курган,не состоял в браке,,,4,vk,1
190,190,,35,Ж,15770.0,42.0,СВ,Нет,Нет,,г. Москва,,среднее профессиональное,,Нет,instagram,1
191,191,,24,Ж,13329.0,54.0,плацкарт,Нет,Нет,,г. Каменск - Уральский,в браке,высшее,,Нет,Нет,1
192,192,,56,Ж,23809.0,63.0,СВ,Нет,Нет,,г. Калининград,в браке,среднее профессиональное,Нет,5,facebook,2
193,193,,19,М,19712.0,74.0,плацкарт,Нет,Нет,,г. Чита,,,Нет,,vk,0
194,194,,73,М,18654.0,51.0,купе,Нет,Нет,,г. Краснодар,,среднее профессиональное,,Нет,одноклассники,2
195,195,,29,Ж,26436.0,101.0,плацкарт,Нет,Нет,,г. Волгоград,в браке,,,Нет,Нет,0
196,196,,29,Ж,20707.0,72.0,купе,Нет,Нет,Водители и операторы подвижного оборудования,г. Москва,в браке,среднее общее,Нет,1,vk,0
197,197,,39,Ж,16796.0,49.0,купе,Нет,Нет,,г. Чебоксары,,,Нет,Нет,одноклассники,1
198,198,,39,М,19908.0,96.0,плацкарт,Нет,Нет,,г. Челябинск,,,Да,1,instagram,0
199,199,,45,Ж,15322.0,87.0,плацкарт,Нет,Нет,,г. Омск,,,,Нет,Нет,0
200,200,,44,Ж,21597.0,71.0,купе,Нет,Нет,,г. Новосибирск,в браке,среднее профессиональное,,,Нет,0
201,201,,94,М,22586.0,92.0,плацкарт,Нет,Нет,,г. Санкт-Петербург,,,Нет,,Нет,2
202,202,,61,Ж,17898.0,67.0,плацкарт,Нет,Нет,,г. Красноярск,,среднее профессиональное,Нет,,Нет,2
203,203,,30,Ж,18748.0,84.0,плацкарт,Нет,Нет,,г. Екатеринбург,,среднее профессиональное,,Нет,vk,0
204,204,,61,Ж,22538.0,80.0,плацкарт,Нет,Нет,,г. Октябрьский,,,,,Нет,2
205,205,,50,М,16058.0,70.0,плацкарт,Нет,Да,Водители и операторы подвижного оборудования,г. Дзержинск,,высшее,,2,Нет,2
206,206,,67,Ж,18687.0,65.0,купе,Нет,Нет,,г. Уфа,в браке,,,,Нет,2
207,207,,29,Ж,17910.0,71.0,плацкарт,Нет,Нет,,г. Санкт-Петербург,в браке,среднее профессиональное,,,Нет,0
208,208,,73,Ж,21758.0,72.0,купе,Да,Нет,,г. Москва,,,,,Нет,2
209,209,,91,Ж,15846.0,60.0,плацкарт,Нет,Нет,,г. Москва,,среднее общее,,,Нет,2
210,210,,60,М,14160.0,55.0,плацкарт,Нет,Нет,,г. Ставрополь,,,Нет,,Нет,1
211,211,,43,Ж,20099.0,56.0,купе,Нет,Нет,,г. Екатеринбург,,,,,Нет,1
212,212,,47,М,17701.0,76.0,плацкарт,Нет,Нет,Средний специальный персонал по экономической и административной деятельности,г. Санкт-Петербург,,,Нет,Нет,Нет,0
213,213,,24,Ж,24265.0,76.0,купе,Нет,Нет,"Рабочие, занятые в металлообрабатывающем и машиностроительном производстве, механики и ремонтники",г. Саратов,,,,1,Нет,0
214,214,,52,Ж,19895.0,76.0,плацкарт,Нет,Нет,,г. Пенза,в браке,,,,instagram,2
215,215,,58,Ж,23293.0,94.0,плацкарт,Нет,Нет,Водители и операторы подвижного оборудования,г. Новосибирск,в браке,среднее общее,,1,tiktok,0
216,216,,31,М,24062.0,69.0,купе,Нет,Нет,,г. Новокузнецк,в браке,высшее,,,vk,0
217,217,,34,М,25054.0,87.0,купе,Нет,Нет,,г. Армавир,,высшее,Нет,2,facebook,0
218,218,,83,Ж,25985.0,97.0,плацкарт,Нет,Нет,,г. Сергиев Посад,,высшее,,Нет,Нет,2
219,219,,79,Ж,18960.0,81.0,плацкарт,Нет,Нет,,г. Саранск,разведена,высшее,Нет,Нет,одноклассники,2
220,220,,72,Ж,20430.0,98.0,плацкарт,Нет,Нет,,г. Пермь,,,,Нет,одноклассники,2
221,221,,41,Ж,16153.0,59.0,плацкарт,Нет,Нет,,г. Казань,,среднее профессиональное,,2,Нет,1
222,222,,31,М,15180.0,52.0,купе,Нет,Нет,Водители и операторы подвижного оборудования,г. Москва,в браке,,,Нет,vk,1
223,223,,58,Ж,15985.0,60.0,плацкарт,Нет,Нет,,г. Волгоград,,высшее,,Нет,instagram,1
224,224,,32,Ж,16288.0,75.0,плацкарт,Нет,Нет,,г. Железногорск,в браке,среднее профессиональное,Нет,,facebook,0
225,225,,35,М,8845.0,35.0,плацкарт,Нет,Нет,,г. Красноярск,,,,2,vk,1
226,226,,57,Ж,12714.0,53.0,плацкарт,Нет,Нет,,г. Березники,,среднее общее,Да,,vk,1
227,227,,69,М,15863.0,56.0,плацкарт,Нет,Нет,,г. Архангельск,,высшее,,,Нет,2
228,228,,17,Ж,22664.0,77.0,купе,Нет,Нет,,г. Сызрань,,,,Нет,facebook,0
229,229,,75,М,24473.0,73.0,купе,Нет,Нет,,г. Томск,,,,1,facebook,2
230,230,,26,М,17400.0,63.0,плацкарт,Нет,Нет,,г. Москва,,среднее профессиональное,,3,tiktok,1
231,231,,25,Ж,22231.0,69.0,купе,Нет,Нет,,г. Самара,,,,,Нет,0
232,232,,39,М,21873.0,86.0,плацкарт,Нет,Нет,"Рабочие, занятые в металлообрабатывающем и машиностроительном производстве, механики и ремонтники",г. Астрахань,,высшее,,,Нет,0
233,233,,52,М,28566.0,94.0,купе,Нет,Нет,,г. Санкт-Петербург,в браке,среднее профессиональное,,,одноклассники,0
234,234,,60,М,12489.0,50.0,плацкарт,Нет,Нет,,г. Томск,,,,Нет,Нет,1
235,235,,49,Ж,18716.0,42.0,люкс,Нет,Нет,,г. Волгоград,в браке,,,Нет,Нет,1
236,236,,62,М,16115.0,57.0,плацкарт,Нет,Нет,,г. Тверь,,,,2,Нет,2
237,237,,38,Ж,17074.0,43.0,СВ,Нет,Нет,Специалисты-техники в области науки и техники,г. Энгельс,в браке,среднее общее,,Нет,facebook,1
238,238,,54,Ж,19182.0,61.0,купе,Нет,Нет,,г. Воронеж,,,,1,Нет,2
239,239,,29,М,11770.0,44.0,плацкарт,Нет,Нет,,г. Москва,,среднее профессиональное,,Нет,Нет,1
240,240,,30,М,18474.0,80.0,плацкарт,Нет,Нет,,г. Омск,,высшее,,Нет,Нет,0
241,241,,53,Ж,14951.0,54.0,плацкарт,Нет,Нет,,г. Казань,,среднее общее,,Нет,Нет,1
242,242,,51,Ж,11547.0,62.0,плацкарт,Нет,Нет,,г. Москва,,,Нет,,одноклассники,1
243,243,,61,Ж,7770.0,39.0,плацкарт,Нет,Нет,,г. Ижевск,,,Да,Нет,Нет,1
244,244,,74,М,25996.0,89.0,купе,Нет,Нет,,г. Железногорск,,,,4,facebook,2
245,245,,42,Ж,27874.0,96.0,купе,Нет,Нет,"Рабочие, занятые в металлообрабатывающем и машиностроительном производстве, механики и ремонтники",г. Екатеринбург,,высшее,,,Нет,0
246,246,,81,М,19711.0,62.0,купе,Нет,Нет,,г. Зеленодольск,в браке,среднее профессиональное,,1,одноклассники,2
247,247,,39,Ж,20382.0,61.0,купе,Нет,Нет,Уборщики и прислуга ,г. Якутск,,среднее профессиональное,,,Нет,0
248,248,,40,Ж,19304.0,72.0,плацкарт,Нет,Нет,,г. Москва,в браке,,,Нет,Нет,0
249,249,,78,М,14750.0,71.0,плацкарт,Нет,Нет,,г. Новый Уренгой,,,Нет,,одноклассники,2
250,250,,26,Ж,19331.0,81.0,плацкарт,Нет,Нет,,г. Воронеж,,,,,Нет,0
251,251,,72,Ж,20471.0,75.0,плацкарт,Нет,Нет,,г. Санкт-Петербург,в браке,,,Нет,Нет,2
252,252,,42,М,26804.0,89.0,купе,Нет,Нет,Специалисты в сфере бизнеса и администрирования,г. Челябинск,,высшее,Да,Нет,Нет,0
253,253,,49,Ж,16922.0,65.0,плацкарт,Нет,Нет,,г. Москва,,,,1,Нет,1
254,254,,37,М,17698.0,77.0,плацкарт,Нет,Нет,,г. Москва,в браке,,,,tiktok,0
255,255,,54,М,15253.0,35.0,люкс,Нет,Нет,,г. Тольятти,,,,4,Нет,1
256,256,,38,М,28056.0,94.0,купе,Нет,Нет,,г. Великий Новгород,,среднее профессиональное,Да,Нет,instagram,0
257,257,,35,М,18706.0,83.0,плацкарт,Нет,Нет,Водители и операторы подвижного оборудования,г. Саратов,,,,1,Нет,0
258,258,,89,М,24955.0,80.0,купе,Нет,Нет,,г. Тольятти,,,,1,одноклассники,2
259,259,,66,М,18893.0,52.0,купе,Нет,Нет,,г. Вологда,,среднее общее,,3,Нет,2
260,260,,66,М,18860.0,65.0,купе,Да,Нет,,г. Санкт-Петербург,в браке,среднее профессиональное,,1,Нет,2
261,261,,47,М,14550.0,78.0,плацкарт,Нет,Нет,,г. Ангарск,разведен,,Да,,Нет,1
262,262,,78,Ж,19445.0,59.0,купе,Нет,Нет,,г. Челябинск,,,,1,facebook,2
263,263,,52,М,20176.0,72.0,плацкарт,Нет,Нет,,г. Владивосток,,,Нет,2,facebook,2
264,264,,45,М,21374.0,71.0,купе,Нет,Нет,,г. Сургут,разведен,высшее,Нет,2,Нет,0
265,265,,23,Ж,17079.0,60.0,плацкарт,Нет,Нет,,г. Ульяновск,не состояла в браке,высшее,Нет,Нет,vk,1
266,266,,34,М,8247.0,55.0,плацкарт,Нет,Нет,Средний медицинский персонал здравоохранения,г. Белгород,в браке,высшее,,1,Нет,1
267,267,,65,Ж,18138.0,80.0,плацкарт,Нет,Нет,,г. Санкт-Петербург,,среднее профессиональное,,3,Нет,2
268,268,,73,Ж,17342.0,70.0,плацкарт,Нет,Нет,,г. Орёл,,среднее профессиональное,,Нет,Нет,2
269,269,,37,Ж,20190.0,75.0,плацкарт,Нет,Нет,Продавцы,г. Уфа,в браке,среднее общее,,Нет,facebook,0
270,270,,60,М,15830.0,55.0,купе,Нет,Нет,,г. Арзамас,,,,4,Нет,2
271,271,,54,Ж,21996.0,65.0,купе,Нет,Нет,,г. Балаково,,,,5,facebook,2
272,272,,42,Ж,28704.0,82.0,купе,Нет,Нет,Водители и операторы подвижного оборудования,г. Магнитогорск,,,,3,Нет,0
273,273,,32,М,13577.0,65.0,плацкарт,Нет,Нет,,г. Пермь,в браке,,Да,4,tiktok,1
274,274,,18,Ж,20129.0,80.0,плацкарт,Нет,Нет,,г. Санкт-Петербург,,,Нет,,tiktok,0
275,275,,20,М,23319.0,87.0,плацкарт,Нет,Нет,,г. Махачкала,не состоял в браке,,,1,facebook,0
276,276,,70,Ж,17659.0,80.0,плацкарт,Нет,Нет,,г. Москва,,высшее,Нет,Нет,одноклассники,2
277,277,,44,М,16566.0,67.0,плацкарт,Нет,Нет,Операторы промышленных установок и стационарногооборудования,г. Ижевск,в браке,среднее профессиональное,,Нет,Нет,1
278,278,,44,Ж,14675.0,68.0,плацкарт,Нет,Нет,,г. Москва,,высшее,Да,Нет,Нет,1
279,279,,33,М,20029.0,80.0,плацкарт,Нет,Нет,,г. Санкт-Петербург,не состоял в браке,,,Нет,Нет,0
280,280,,31,Ж,21870.0,70.0,купе,Нет,Нет,"Специалисты в области права, гуманитарных областей и культуры",г. Екатеринбург,,высшее,Нет,Нет,одноклассники,0
281,281,,47,Ж,14375.0,48.0,купе,Нет,Нет,,г. Санкт-Петербург,в браке,,,,Нет,1
282,282,,41,Ж,15283.0,47.0,купе,Да,Нет,,г. Рязань,,высшее,Нет,Нет,Нет,1
283,283,,45,Ж,11815.0,59.0,плацкарт,Нет,Нет,,г. Новороссийск,,,,,Нет,1
284,284,,39,М,20334.0,80.0,плацкарт,Нет,Нет,,г. Иркутск,,,,Нет,instagram,0
285,285,,51,Ж,13836.0,72.0,плацкарт,Нет,Нет,,г. Якутск,в браке,высшее,,2,vk,1
286,286,,81,М,14007.0,55.0,плацкарт,Нет,Нет,,г. Саратов,вдовец,среднее профессиональное,,Нет,Нет,2
287,287,,40,Ж,13122.0,54.0,плацкарт,Да,Нет,,г. Ульяновск,в браке,,,,Нет,1
288,288,,64,М,20617.0,82.0,плацкарт,Нет,Нет,,г. Ростов-на-Дону,,,,,Нет,2
289,289,,39,М,27937.0,89.0,купе,Нет,Нет,,г. Москва,,,,3,instagram,0
290,290,,53,Ж,18326.0,63.0,купе,Нет,Нет,,г. Тверь,,,,,одноклассники,2
291,291,,67,М,21597.0,54.0,СВ,Нет,Нет,,г. Москва,в браке,,,Нет,Нет,2
292,292,,21,М,18868.0,73.0,плацкарт,Нет,Нет,,г. Абакан,,высшее,Нет,Нет,facebook,0
293,293,,22,М,28790.0,103.0,плацкарт,Нет,Нет,,г. Москва,в браке,высшее,,Нет,instagram,0
294,294,,33,М,8505.0,50.0,плацкарт,Да,Нет,,г. Тюмень,,среднее профессиональное,,4,facebook,1
295,295,,38,Ж,9643.0,42.0,плацкарт,Нет,Нет,"Рабочие, занятые в металлообрабатывающем и машиностроительном производстве, механики и ремонтники",г. Челябинск,,,,Нет,Нет,1
296,296,,59,М,24059.0,75.0,купе,Нет,Нет,,г. Москва,,высшее,,Нет,facebook,2
297,297,,27,Ж,14596.0,41.0,купе,Нет,Нет,,г. Йошкар-Ола,в браке,среднее профессиональное,,2,Нет,1
298,298,,93,М,9823.0,30.0,купе,Нет,Нет,,г. Санкт-Петербург,вдовец,,,4,Нет,1
299,299,,69,Ж,19991.0,67.0,купе,Нет,Нет,,г. Красноярск,не состояла в браке,среднее профессиональное,,,Нет,2
300,300,,62,М,23296.0,81.0,купе,Нет,Нет,,г. Копейск,,высшее,Нет,5,Нет,2
301,301,,61,Ж,26567.0,109.0,плацкарт,Да,Нет,,г. Москва,,среднее общее,Нет,1,Нет,0
302,302,,54,М,16952.0,60.0,плацкарт,Нет,Нет,Операторы промышленных установок и стационарногооборудования,г. Екатеринбург,,высшее,,,Нет,1
303,303,,39,М,24696.0,75.0,купе,Нет,Нет,,г. Санкт-Петербург,,среднее профессиональное,Да,,tiktok,0
304,304,,31,Ж,10183.0,25.0,СВ,Нет,Нет,,г. Орёл,в браке,,,,Нет,1
305,305,,22,М,20653.0,79.0,плацкарт,Нет,Нет,Операторы промышленных установок и стационарногооборудования,г. Армавир,,высшее,,1,facebook,0
306,306,,50,Ж,26665.0,92.0,купе,Нет,Нет,Водители и операторы подвижного оборудования,г. Сочи,в браке,,Нет,Нет,facebook,0
307,307,,28,М,20507.0,60.0,купе,Да,Нет,,г. Люберцы,,,Да,Нет,facebook,0
308,308,,48,Ж,27199.0,93.0,купе,Нет,Нет,,г. Уфа,,,Да,,Нет,0
309,309,,88,Ж,26623.0,83.0,купе,Нет,Нет,,г. Нижний Новгород,,,,4,Нет,2
310,310,,53,М,20458.0,96.0,плацкарт,Нет,Нет,,г. Иркутск,,,,Нет,instagram,0
311,311,,15,М,17516.0,64.0,плацкарт,Нет,Нет,,г. Нижний Новгород,,,Нет,Нет,одноклассники,1
312,312,,38,М,18934.0,41.0,люкс,Нет,Нет,,г. Краснодар,,,,2,Нет,1
313,313,,40,Ж,22392.0,69.0,купе,Да,Нет,,г. Химки,,,,Нет,Нет,0
314,314,,85,М,9582.0,41.0,плацкарт,Да,Нет,,г. Обнинск,,среднее профессиональное,,3,Нет,1
315,315,,20,М,10953.0,57.0,плацкарт,Нет,Нет,,г. Тверь,,высшее,Нет,Нет,instagram,1
316,316,,32,М,20399.0,55.0,СВ,Нет,Нет,,г. Чита,разведен,,,Нет,instagram,1
317,317,,28,Ж,21127.0,68.0,купе,Да,Нет,,г. Санкт-Петербург,,,,1,tiktok,0
318,318,,70,М,12055.0,45.0,плацкарт,Нет,Нет,,г. Санкт-Петербург,вдовец,,,Нет,facebook,1
319,319,,46,Ж,11905.0,56.0,плацкарт,Нет,Нет,,г. Москва,,среднее общее,,2,Нет,1
320,320,,41,Ж,25282.0,99.0,плацкарт,Нет,Нет,,г. Махачкала,в браке,,,Нет,Нет,0
321,321,,44,М,10954.0,36.0,купе,Нет,Нет,"Работники служб, осуществляющих охрану граждан и собственности",г. Москва,разведен,высшее,,,Нет,1
322,322,,27,Ж,15740.0,54.0,купе,Нет,Нет,,г. Санкт-Петербург,разведена,,,Нет,facebook,1
323,323,,40,Ж,19675.0,93.0,плацкарт,Нет,Нет,,г. Москва,,,,1,Нет,0
324,324,,60,М,14991.0,34.0,люкс,Нет,Нет,,г. Наб. Челны,,,,,Нет,1
325,325,,42,Ж,19396.0,67.0,купе,Нет,Нет,,г. Красноярск,,среднее общее,,,Нет,0
326,326,,81,М,12732.0,50.0,плацкарт,Да,Нет,,г. Новосибирск,,,Да,1,одноклассники,2
327,327,,43,Ж,20950.0,75.0,плацкарт,Нет,Нет,,г. Прокопьевск,,,,5,Нет,0
328,328,,54,Ж,19618.0,71.0,плацкарт,Нет,Нет,,г. Сызрань,,среднее профессиональное,,,Нет,2
329,329,,59,Ж,15776.0,69.0,плацкарт,Нет,Нет,"Работники служб, осуществляющих охрану граждан и собственности",г. Воронеж,вдова,высшее,,5,одноклассники,2
330,330,,26,М,18722.0,80.0,плацкарт,Нет,Нет,,г. Новокузнецк,,,,Нет,Нет,0
331,331,,40,М,13850.0,46.0,купе,Нет,Нет,,г. Санкт-Петербург,,среднее профессиональное,,1,Нет,1
332,332,,64,Ж,20462.0,85.0,плацкарт,Нет,Нет,,г. Сергиев Посад,,,,1,Нет,2
333,333,,35,Ж,21590.0,73.0,купе,Нет,Нет,,г. Москва,,среднее профессиональное,,4,Нет,0
334,334,,48,Ж,11557.0,48.0,плацкарт,Нет,Нет,Средний медицинский персонал здравоохранения,г. Саратов,,,,2,Нет,1
335,335,,85,Ж,14825.0,47.0,купе,Нет,Нет,,г. Электросталь,,,,Нет,Нет,2
336,336,,29,Ж,14871.0,64.0,плацкарт,Нет,Нет,Специалисты в области науки и техники,г. Владивосток,в браке,,,,instagram,1
337,337,,35,М,12125.0,58.0,плацкарт,Нет,Нет,,г. Майкоп,в браке,среднее профессиональное,,Нет,Нет,1
338,338,,51,Ж,23851.0,76.0,купе,Нет,Нет,,г. Курган,,высшее,,Нет,instagram,0
339,339,,47,М,21546.0,79.0,плацкарт,Нет,Нет,Водители и операторы подвижного оборудования,г. Краснодар,,среднее профессиональное,,,Нет,0
340,340,,35,Ж,14276.0,58.0,плацкарт,Нет,Нет,Водители и операторы подвижного оборудования,г. Волгодонск,,,Нет,Нет,одноклассники,1
341,341,,41,М,19644.0,72.0,плацкарт,Нет,Нет,Водители и операторы подвижного оборудования,г. Владивосток,,,Нет,Нет,Нет,0
342,342,,28,М,26741.0,76.0,купе,Нет,Нет,,г. Москва,,,,1,Нет,0
343,343,,51,М,23240.0,88.0,плацкарт,Нет,Нет,Уборщики и прислуга ,г. Сургут,,среднее профессиональное,Нет,5,одноклассники,0
344,344,,37,Ж,18602.0,71.0,плацкарт,Нет,Нет,,г. Москва,,,,Нет,Нет,0
345,345,,69,М,12763.0,31.0,СВ,Нет,Да,,г. Улан-Удэ,,среднее профессиональное,Нет,5,Нет,1
346,346,,27,Ж,20671.0,78.0,плацкарт,Нет,Нет,,г. Волгоград,не состояла в браке,среднее общее,,2,Нет,0
347,347,,56,Ж,14942.0,60.0,плацкарт,Нет,Нет,,г. Москва,,высшее,,Нет,одноклассники,1
348,348,,15,Ж,19139.0,55.0,купе,Нет,Нет,,г. Новороссийск,,,Нет,Нет,instagram,1
349,349,,69,М,26004.0,82.0,купе,Нет,Нет,,г. Тамбов,,,,Нет,Нет,2
350,350,,35,Ж,25448.0,89.0,купе,Да,Нет,"Неквалифицированные рабочие, занятые в горнодобывающей промышленности, строительстве, обрабатывающей промышленности и на транспорте",г. Воронеж,в браке,,,3,одноклассники,0
351,351,,69,М,23206.0,76.0,купе,Нет,Нет,,г. Балашиха,,,,Нет,Нет,2
352,352,,81,М,21176.0,79.0,плацкарт,Нет,Нет,,г. Саранск,,,,,одноклассники,2
353,353,,44,Ж,10998.0,56.0,плацкарт,Да,Нет,Водители и операторы подвижного оборудования,г. Волгоград,,среднее профессиональное,,4,Нет,1
354,354,,36,М,12059.0,55.0,плацкарт,Нет,Нет,,г. Орёл,,среднее общее,,,vk,1
355,355,,29,М,11616.0,48.0,плацкарт,Нет,Нет,,г. Ростов-на-Дону,,,,3,Нет,1
356,356,,38,М,20080.0,56.0,купе,Нет,Нет,Водители и операторы подвижного оборудования,г. Москва,,среднее профессиональное,,,Нет,1
357,357,,67,Ж,15570.0,66.0,плацкарт,Нет,Нет,,г. Владимир,в браке,,,,Нет,2
358,358,,33,Ж,25676.0,72.0,купе,Нет,Нет,,г. Москва,,высшее,,1,Нет,0
359,359,,36,Ж,18877.0,57.0,купе,Нет,Нет,"Рабочие, занятые в металлообрабатывающем и машиностроительном производстве, механики и ремонтники",г. Калининград,,,,4,Нет,1
360,360,,47,Ж,20344.0,66.0,купе,Да,Нет,,г. Санкт-Петербург,,среднее общее,,,Нет,2
361,361,,67,Ж,14048.0,46.0,купе,Нет,Нет,,г. Чебоксары,,,,Нет,Нет,1
362,362,,48,Ж,21553.0,74.0,купе,Нет,Нет,,г. Хабаровск,разведена,,Да,Нет,Нет,0
363,363,,72,Ж,15172.0,51.0,купе,Нет,Нет,,г. Рязань,в браке,,,Нет,Нет,2
364,364,,21,М,15907.0,59.0,плацкарт,Нет,Нет,,г. Москва,,высшее,Нет,1,instagram,1
365,365,,34,Ж,19231.0,69.0,плацкарт,Нет,Нет,,г. Саратов,,,,5,Нет,0
366,366,,60,Ж,14719.0,48.0,купе,Нет,Нет,,г. Уссурийск,в браке,,,1,Нет,1
367,367,,54,Ж,26187.0,77.0,купе,Нет,Нет,,г. Ульяновск,не состояла в браке,среднее общее,,4,одноклассники,0
368,368,,33,М,27378.0,95.0,купе,Нет,Нет,"Рабочие, занятые в металлообрабатывающем и машиностроительном производстве, механики и ремонтники",г. Курган,,среднее профессиональное,,Нет,tiktok,0
369,369,,42,Ж,19375.0,61.0,купе,Нет,Нет,,г. Саратов,,среднее профессиональное,,,Нет,1
370,370,,76,Ж,9463.0,24.0,СВ,Нет,Нет,,г. Санкт-Петербург,,,,Нет,Нет,1
371,371,,51,М,14435.0,39.0,купе,Нет,Да,,г. Москва,в браке,высшее,Нет,1,одноклассники,1
372,372,,26,М,14607.0,43.0,купе,Нет,Нет,,г. Ростов-на-Дону,не состоял в браке,,Нет,Нет,instagram,1
373,373,,44,Ж,20057.0,65.0,купе,Нет,Нет,,г. Воронеж,,среднее профессиональное,,Нет,Нет,0
374,374,,45,М,18931.0,56.0,купе,Нет,Нет,,г. Краснодар,в браке,,,,Нет,1
375,375,,40,М,26812.0,67.0,СВ,Нет,Нет,,г. Калуга,,,,1,Нет,0
376,376,,48,Ж,10304.0,38.0,плацкарт,Нет,Нет,,г. Ставрополь,,среднее профессиональное,,Нет,Нет,1
377,377,,64,М,15725.0,61.0,плацкарт,Нет,Нет,,г. Воронеж,,,,1,Нет,2
378,378,,45,Ж,28232.0,81.0,купе,Нет,Нет,,г. Балашиха,,высшее,,3,Нет,0
379,379,,35,Ж,14371.0,43.0,купе,Нет,Нет,,г. Санкт-Петербург,,,,1,Нет,1
380,380,,53,Ж,14201.0,42.0,купе,Нет,Нет,,г. Белгород,в браке,,,Нет,facebook,1
381,381,,61,М,27098.0,87.0,купе,Нет,Нет,,г. Липецк,в браке,,Нет,1,Нет,0
382,382,,40,Ж,17784.0,47.0,СВ,Нет,Нет,Специалисты-техники в области науки и техники,г. Тюмень,,неполное высшее,,,Нет,1
383,383,,56,Ж,14335.0,55.0,плацкарт,Нет,Нет,,г. Прокопьевск,,высшее,,1,facebook,1
384,384,,66,Ж,15904.0,66.0,плацкарт,Нет,Нет,,г. Ногинск,в браке,высшее,,5,Нет,2
385,385,,49,Ж,22528.0,79.0,плацкарт,Нет,Нет,,г. Москва,,,,Нет,Нет,0
386,386,,54,Ж,18487.0,65.0,плацкарт,Нет,Нет,,г. Краснодар,,,,1,facebook,2
387,387,,58,М,11706.0,59.0,плацкарт,Нет,Нет,,г. Курск,,среднее общее,,Нет,Нет,1
388,388,,25,Ж,19596.0,48.0,СВ,Нет,Нет,,г. Красноярск,в браке,,,Нет,Нет,1
389,389,,42,Ж,24247.0,74.0,купе,Нет,Нет,Средний медицинский персонал здравоохранения,г. Волгоград,,,,5,Нет,0
390,390,,66,Ж,22720.0,65.0,купе,Нет,Нет,,г. Волжский,вдова,,Нет,,Нет,2
391,391,,19,М,14302.0,66.0,плацкарт,Нет,Нет,,г. Владикавказ,,,,,Нет,1
392,392,,27,М,25393.0,103.0,плацкарт,Нет,Нет,,г. Омск,,среднее профессиональное,,1,Нет,0
393,393,,28,М,26169.0,88.0,купе,Нет,Нет,,г. Орёл,,,,2,instagram,0
394,394,,24,Ж,15475.0,52.0,купе,Нет,Нет,,г. Пермь,,,,Нет,Нет,1
395,395,,26,М,19915.0,98.0,плацкарт,Нет,Нет,,г. Челябинск,в браке,среднее профессиональное,,2,vk,0
396,396,,30,М,8970.0,41.0,плацкарт,Нет,Нет,,г. Балашиха,,высшее,Да,1,instagram,1
397,397,,57,Ж,21972.0,83.0,плацкарт,Нет,Нет,Служащие в сфере обработки числовой информации и учета материальных ценностей,г. Пенза,в браке,,,1,instagram,0
398,398,,51,Ж,20629.0,58.0,купе,Нет,Нет,Средний специальный персонал по экономической и административной деятельности,г. Владивосток,,,,2,одноклассники,2
399,399,,50,М,18741.0,72.0,плацкарт,Нет,Нет,,г. Волгоград,,среднее общее,Нет,1,одноклассники,2
400,400,,52,М,18642.0,70.0,плацкарт,Нет,Нет,,г. Рязань,в браке,среднее общее,,Нет,facebook,2
401,401,,34,Ж,20345.0,73.0,плацкарт,Нет,Нет,"Специалисты в области права, гуманитарных областей и культуры",г. Благовещенск,,среднее профессиональное,,5,Нет,0
402,402,,62,Ж,33014.0,110.0,купе,Нет,Нет,,г. Москва,,,,,Нет,0
403,403,,49,М,15255.0,45.0,купе,Нет,Нет,,г. Пермь,,,Нет,Нет,Нет,1
404,404,,46,М,14332.0,43.0,купе,Нет,Нет,,г. Екатеринбург,в браке,,,Нет,Нет,1
405,405,,60,Ж,14849.0,52.0,купе,Да,Нет,,г. Москва,,,,,Нет,1
406,406,,46,Ж,8463.0,57.0,плацкарт,Нет,Нет,,г. Подольск,,высшее,,5,Нет,1
407,407,,83,М,16374.0,63.0,плацкарт,Нет,Нет,,г. Самара,в браке,,,,одноклассники,2
408,408,,49,Ж,19563.0,66.0,купе,Нет,Нет,,г. Ростов-на-Дону,,,Нет,2,Нет,2
409,409,,45,М,20818.0,71.0,купе,Нет,Нет,,г. Кисловодск,,,Нет,2,Нет,0
410,410,,28,Ж,14048.0,51.0,плацкарт,Нет,Нет,,г. Раменское,,,,,Нет,1
411,411,,24,Ж,12782.0,65.0,плацкарт,Нет,Нет,,г. Москва,не состояла в браке,среднее профессиональное,Нет,Нет,facebook,1
412,412,,69,Ж,18268.0,63.0,купе,Нет,Нет,,г. Таганрог,,,,,Нет,2
413,413,,22,Ж,13855.0,69.0,плацкарт,Нет,Нет,,г. Нижневартовск,,,,3,vk,1
414,414,,41,М,18746.0,65.0,купе,Нет,Нет,,г. Нижний Новгород,в браке,высшее,,1,Нет,0
415,415,,66,Ж,24603.0,68.0,купе,Нет,Нет,Специалисты в области образования,г. Нальчик,,среднее общее,Да,,Нет,2
416,416,,40,М,19532.0,68.0,купе,Нет,Нет,"Работники служб, осуществляющих охрану граждан и собственности",г. Йошкар-Ола,в браке,,Нет,Нет,Нет,0
417,417,,63,М,17993.0,64.0,плацкарт,Нет,Нет,,г. Ноябрьск,в браке,,,2,Нет,2
418,418,,66,Ж,12747.0,46.0,плацкарт,Нет,Нет,,г. Магнитогорск,,,,5,Нет,1
419,419,,60,Ж,22743.0,69.0,купе,Нет,Нет,,г. Новомосковск,,,,Нет,Нет,2
420,420,,63,М,6951.0,17.0,СВ,Нет,Нет,,г. Новороссийск,,неполное высшее,,Нет,Нет,1
421,421,,49,Ж,16088.0,41.0,СВ,Нет,Нет,"Рабочие, занятые в металлообрабатывающем и машиностроительном производстве, механики и ремонтники",г. Казань,,,,,Нет,1
422,422,,52,Ж,13653.0,77.0,плацкарт,Нет,Нет,,г. Сочи,,,,,Нет,2
423,423,,17,Ж,28300.0,88.0,купе,Нет,Нет,,г. Екатеринбург,не состояла в браке,,,Нет,Нет,0
424,424,,58,Ж,22591.0,75.0,купе,Нет,Нет,Водители и операторы подвижного оборудования,г. Астрахань,,высшее,,Нет,одноклассники,2
425,425,,64,М,15382.0,81.0,плацкарт,Нет,Нет,,г. Екатеринбург,,,Нет,Нет,Нет,2
426,426,,77,Ж,19584.0,78.0,плацкарт,Нет,Нет,,г. Москва,,среднее профессиональное,,5,Нет,2
427,427,,55,Ж,20019.0,77.0,плацкарт,Нет,Нет,,г. Армавир,,среднее общее,,,Нет,2
428,428,,43,М,23573.0,86.0,плацкарт,Нет,Нет,,г. Новокузнецк,,среднее общее,,,Нет,0
429,429,,36,Ж,18401.0,66.0,плацкарт,Нет,Нет,,г. Курск,,среднее профессиональное,Нет,,одноклассники,1
430,430,,72,М,18678.0,57.0,купе,Нет,Нет,,г. Нижний Новгород,вдовец,,,2,Нет,2
431,431,,44,Ж,17178.0,58.0,купе,Нет,Нет,,г. Новомосковск,,среднее профессиональное,,2,Нет,1
432,432,,21,М,6405.0,31.0,плацкарт,Нет,Нет,,г. Москва,,среднее профессиональное,,,tiktok,1
433,433,,48,Ж,18152.0,67.0,плацкарт,Нет,Нет,,г. Находка,в браке,,,Нет,Нет,2
434,434,,45,Ж,16464.0,54.0,купе,Нет,Нет,Специалисты-техники в области науки и техники,г. Челябинск,,среднее профессиональное,Нет,,Нет,1
435,435,,53,Ж,21917.0,82.0,плацкарт,Нет,Нет,,г. Пенза,,,,,одноклассники,0
436,436,,50,М,21158.0,61.0,купе,Нет,Нет,"Рабочие, занятые в строительстве, и рабочие родственных занятий (за исключением электриков)",г. Москва,,среднее общее,,2,одноклассники,2
437,437,,70,Ж,22014.0,66.0,купе,Нет,Нет,,г. Москва,в браке,высшее,,,facebook,2
438,438,,37,Ж,15480.0,60.0,плацкарт,Нет,Нет,,г. Санкт-Петербург,,,Нет,1,facebook,1
439,439,,37,М,28239.0,99.0,плацкарт,Нет,Нет,,г. Москва,,среднее профессиональное,,1,vk,0
440,440,,80,Ж,14130.0,41.0,купе,Нет,Да,,г. Санкт-Петербург,,,,Нет,одноклассники,2
441,441,,15,Ж,19027.0,75.0,плацкарт,Нет,Нет,,г. Москва,,,,Нет,Нет,0
442,442,,27,Ж,26200.0,82.0,купе,Нет,Нет,,г. Муром,,,,,tiktok,0
443,443,,30,Ж,15656.0,50.0,купе,Нет,Нет,Продавцы,г. Махачкала,,среднее профессиональное,Нет,Нет,facebook,1
444,444,,91,Ж,24800.0,81.0,купе,Нет,Нет,,г. Волжский,вдова,,,1,Нет,2
445,445,,42,М,23036.0,70.0,купе,Нет,Нет,,г. Санкт-Петербург,в браке,высшее,Нет,1,Нет,0
446,446,,41,Ж,17107.0,60.0,плацкарт,Нет,Нет,Специалисты в сфере бизнеса и администрирования,г. Рыбинск,,,,,Нет,1
447,447,,30,Ж,16699.0,67.0,плацкарт,Нет,Нет,,г. Краснодар,,высшее,Да,3,instagram,1
448,448,,21,Ж,11964.0,56.0,плацкарт,Нет,Нет,,г. Москва,не состояла в браке,,Нет,3,vk,1
449,449,,34,М,18913.0,79.0,плацкарт,Нет,Нет,Продавцы,г. Киров,,,Да,,instagram,0
450,450,,61,Ж,26065.0,83.0,купе,Нет,Нет,,г. Махачкала,,среднее профессиональное,,Нет,Нет,0
451,451,,48,Ж,17888.0,64.0,плацкарт,Нет,Нет,,г. Ижевск,,,,,Нет,1
452,452,,80,М,25308.0,85.0,купе,Нет,Нет,,г. Челябинск,в браке,,,Нет,Нет,2
453,453,,50,М,22746.0,88.0,плацкарт,Нет,Нет,,г. Иркутск,,,,,facebook,0
454,454,,56,Ж,8886.0,66.0,плацкарт,Нет,Нет,,г. Ярославль,,,Нет,1,одноклассники,1
455,455,,56,Ж,16565.0,56.0,купе,Нет,Нет,,г. Челябинск,,среднее общее,,2,Нет,2
456,456,,56,М,25589.0,83.0,купе,Нет,Нет,,г. Астрахань,в браке,,,Нет,Нет,0
457,457,,16,Ж,21579.0,85.0,плацкарт,Да,Нет,,г. Москва,,,Нет,Нет,facebook,0
458,458,,55,М,16015.0,72.0,плацкарт,Нет,Нет,"Рабочие, занятые в металлообрабатывающем и машиностроительном производстве, механики и ремонтники",г. Наб. Челны,в браке,,Нет,Нет,одноклассники,2
459,459,,66,М,19105.0,60.0,купе,Нет,Нет,,г. Москва,в браке,,Нет,,Нет,2
460,460,,42,М,12959.0,62.0,плацкарт,Нет,Нет,,г. Санкт-Петербург,в браке,среднее профессиональное,Нет,,Нет,1
461,461,,40,М,29837.0,89.0,купе,Нет,Нет,,г. Владивосток,,,Нет,Нет,Нет,0
462,462,,62,Ж,19686.0,66.0,купе,Нет,Нет,,г. Санкт-Петербург,,,,1,Нет,2
463,463,,20,М,13589.0,48.0,плацкарт,Нет,Нет,,г. Москва,,,,,instagram,1
464,464,,39,Ж,18454.0,89.0,плацкарт,Нет,Нет,,г. Ростов-на-Дону,в браке,среднее профессиональное,,,Нет,0
465,465,,36,М,16110.0,56.0,купе,Нет,Нет,,г. Новокузнецк,,среднее профессиональное,Нет,Нет,facebook,1
466,466,,22,Ж,11823.0,51.0,плацкарт,Нет,Нет,,г. Санкт-Петербург,,,,,facebook,1
467,467,,49,М,18538.0,63.0,купе,Нет,Нет,Продавцы,г. Челябинск,,среднее профессиональное,,Нет,Нет,2
468,468,,55,М,20293.0,72.0,плацкарт,Нет,Нет,Служащие в сфере обработки числовой информации и учета материальных ценностей,г. Кострома,,,Нет,Нет,одноклассники,2
469,469,,62,Ж,23582.0,69.0,купе,Да,Нет,,г. Саратов,,,Нет,Нет,Нет,2
470,470,,32,Ж,21214.0,69.0,купе,Нет,Нет,,г. Краснодар,,,,,Нет,0
471,471,,46,М,22390.0,80.0,плацкарт,Нет,Нет,Специалисты в области науки и техники,г. Ульяновск,в браке,,,1,Нет,0
472,472,,41,Ж,14393.0,56.0,плацкарт,Нет,Нет,,г. Элиста,не состояла в браке,,Да,,Нет,1
473,473,,85,М,17746.0,67.0,плацкарт,Нет,Нет,,г. Владивосток,,,,Нет,Нет,2
474,474,,16,Ж,18223.0,58.0,купе,Нет,Нет,,г. Челябинск,,,,Нет,tiktok,1
475,475,,25,Ж,15517.0,45.0,купе,Нет,Нет,,г. Москва,,,,3,tiktok,1
476,476,,32,М,24447.0,80.0,купе,Нет,Нет,,г. Омск,,,,,facebook,0
477,477,,54,Ж,19255.0,76.0,плацкарт,Да,Да,Специалисты в области науки и техники,г. Ростов-на-Дону,разведена,,Нет,,одноклассники,2
478,478,,56,Ж,26286.0,74.0,купе,Нет,Нет,,г. Санкт-Петербург,,,,Нет,instagram,0
479,479,,38,М,14593.0,50.0,купе,Нет,Нет,,г. Белгород,,,,,Нет,1
480,480,,43,Ж,12536.0,55.0,плацкарт,Нет,Нет,,г. Воронеж,разведена,,,Нет,Нет,1
481,481,,49,М,13896.0,48.0,купе,Нет,Нет,"Специалисты в области права, гуманитарных областей и культуры",г. Москва,,,,2,Нет,1
482,482,,47,М,12037.0,48.0,плацкарт,Нет,Нет,,г. Балашиха,в браке,среднее профессиональное,Нет,Нет,Нет,1
483,483,,32,Ж,16384.0,58.0,плацкарт,Нет,Нет,,г. Казань,,среднее профессиональное,,1,facebook,1
484,484,,43,М,20697.0,80.0,плацкарт,Нет,Нет,,г. Тамбов,в браке,,,,Нет,0
485,485,,29,Ж,19020.0,56.0,купе,Нет,Нет,,г. Москва,,среднее профессиональное,,Нет,Нет,1
486,486,,56,Ж,17833.0,66.0,плацкарт,Нет,Нет,,г. Орёл,разведена,,Нет,Нет,одноклассники,2
487,487,,36,М,21317.0,68.0,купе,Нет,Нет,,г. Екатеринбург,,высшее,,Нет,Нет,0
488,488,,28,М,22093.0,75.0,купе,Нет,Нет,,г. Йошкар-Ола,,,,3,Нет,0
489,489,,60,Ж,14225.0,62.0,плацкарт,Нет,Нет,"Рабочие, занятые в металлообрабатывающем и машиностроительном производстве, механики и ремонтники",г. Кострома,,среднее общее,,2,Нет,1
490,490,,44,Ж,19212.0,66.0,купе,Нет,Нет,Операторы промышленных установок и стационарногооборудования,г. Новосибирск,,,Нет,Нет,Нет,0
491,491,,16,Ж,17373.0,54.0,купе,Нет,Нет,,г. Калининград,,,,Нет,Нет,1
492,492,,42,М,21819.0,62.0,купе,Нет,Нет,,г. Королёв,,среднее профессиональное,,3,Нет,0
493,493,,87,Ж,19414.0,69.0,плацкарт,Нет,Нет,,г. Новочеркасск,,среднее общее,,Нет,Нет,2
494,494,,49,Ж,20483.0,68.0,купе,Нет,Нет,,г. Санкт-Петербург,,среднее профессиональное,,1,Нет,2
495,495,,40,М,12943.0,61.0,плацкарт,Нет,Нет,,г. Казань,,среднее профессиональное,Нет,,Нет,1
496,496,,58,Ж,17939.0,51.0,купе,Нет,Нет,,г. Иркутск,,,Нет,1,facebook,2
497,497,,35,Ж,9755.0,55.0,плацкарт,Нет,Нет,,г. Энгельс,в браке,,,1,facebook,1
498,498,,80,М,17680.0,53.0,купе,Нет,Нет,,г. Челябинск,,,,,facebook,2
499,499,,52,Ж,11953.0,55.0,плацкарт,Нет,Нет,Специалисты в сфере бизнеса и администрирования,г. Москва,,,,,facebook,1
500,500,,25,М,21403.0,80.0,плацкарт,Нет,Нет,,г. Краснодар,,,,Нет,instagram,0
501,501,,91,Ж,17059.0,61.0,плацкарт,Нет,Нет,,г. Черкесск,вдова,среднее профессиональное,,1,Нет,2
502,502,,28,Ж,18708.0,66.0,плацкарт,Нет,Нет,"Рабочие, занятые в строительстве, и рабочие родственных занятий (за исключением электриков)",г. Хасавюрт,,среднее профессиональное,,,Нет,0
503,503,,31,Ж,24905.0,75.0,купе,Нет,Нет,,г. Архангельск,,среднее профессиональное,,5,facebook,0
504,504,,55,М,19522.0,53.0,купе,Нет,Нет,,г. Уфа,,,,,facebook,2
505,505,,31,Ж,23416.0,85.0,плацкарт,Нет,Нет,,г. Новосибирск,в браке,,,3,facebook,0
506,506,,43,Ж,15255.0,60.0,плацкарт,Нет,Нет,,г. Москва,,среднее профессиональное,Нет,,Нет,1
507,507,,33,Ж,17997.0,64.0,плацкарт,Нет,Нет,,г. Владивосток,,,,1,instagram,1
508,508,,59,М,13248.0,43.0,купе,Нет,Нет,Работники сферы индивидуальных услуг,г. Москва,в браке,,,2,Нет,1
509,509,,60,М,18743.0,51.0,купе,Нет,Да,,г. Казань,,,,,Нет,2
510,510,,47,Ж,7675.0,57.0,плацкарт,Нет,Нет,,г. Коломна,,,,,Нет,1
511,511,,34,Ж,21772.0,78.0,плацкарт,Нет,Нет,,г. Москва,в браке,среднее общее,,Нет,tiktok,0
512,512,,60,Ж,17726.0,71.0,плацкарт,Нет,Нет,,г. Ставрополь,в браке,,,3,Нет,2
513,513,,42,М,20480.0,71.0,купе,Нет,Нет,,г. Оренбург,в браке,среднее профессиональное,Нет,,Нет,0
514,514,,22,М,14971.0,72.0,плацкарт,Нет,Нет,,г. Сочи,,,Нет,2,facebook,1
515,515,,22,Ж,18890.0,83.0,плацкарт,Нет,Нет,,г. Москва,,среднее профессиональное,,Нет,tiktok,0
516,516,,57,М,21372.0,86.0,плацкарт,Нет,Нет,,г. Йошкар-Ола,,,,,Нет,2
517,517,,71,Ж,11999.0,56.0,плацкарт,Нет,Нет,,г. Москва,в браке,,Нет,1,одноклассники,2
518,518,,66,Ж,22087.0,75.0,купе,Нет,Нет,,г. Орёл,,,Нет,Нет,Нет,2
519,519,,32,Ж,31710.0,101.0,купе,Нет,Нет,,г. Комсомольск-на-Амуре,в браке,среднее профессиональное,,,Нет,0
520,520,,42,Ж,8874.0,30.0,купе,Нет,Нет,,г. Москва,,среднее общее,Да,1,Нет,1
521,521,,44,М,14890.0,46.0,купе,Нет,Нет,,г. Санкт-Петербург,,высшее,,Нет,Нет,1
522,522,,56,Ж,16811.0,65.0,плацкарт,Нет,Нет,,г. Новосибирск,в браке,,Нет,Нет,одноклассники,2
523,523,,65,М,22309.0,85.0,плацкарт,Нет,Нет,,г. Рыбинск,,,,,Нет,2
524,524,,43,Ж,17198.0,55.0,купе,Нет,Нет,,г. Симферополь,в браке,,Нет,2,Нет,1
525,525,,46,М,13594.0,69.0,плацкарт,Нет,Нет,,г. Мурманск,,,,3,Нет,1
526,526,,36,Ж,21277.0,57.0,СВ,Нет,Нет,,г. Москва,,высшее,,1,instagram,0
527,527,,32,М,13837.0,42.0,купе,Да,Нет,,г. Смоленск,,,,3,одноклассники,1
528,528,,43,М,18287.0,68.0,плацкарт,Нет,Нет,,г. Белгород,,среднее общее,,,Нет,0
529,529,,43,Ж,19917.0,68.0,купе,Нет,Нет,,г. Владимир,,,,Нет,Нет,0
530,530,,62,М,8047.0,42.0,плацкарт,Нет,Нет,,г. Ростов-на-Дону,в браке,высшее,,1,Нет,1
531,531,,30,Ж,18849.0,62.0,купе,Нет,Нет,,г. Москва,,,,2,Нет,0
532,532,,22,М,23456.0,69.0,купе,Да,Нет,,г. Комсомольск-на-Амуре,,высшее,,,facebook,0
533,533,,36,Ж,11516.0,63.0,плацкарт,Нет,Нет,,г. Томск,,среднее профессиональное,,,facebook,1
534,534,,35,Ж,21802.0,90.0,плацкарт,Нет,Нет,,г. Севастополь,,,Нет,1,facebook,0
535,535,,42,Ж,13964.0,56.0,плацкарт,Да,Нет,Водители и операторы подвижного оборудования,г. Ногинск,,,Да,,Нет,1
536,536,,79,Ж,17795.0,58.0,купе,Да,Нет,,г. Магнитогорск,,,,1,facebook,2
537,537,,32,Ж,17057.0,61.0,плацкарт,Нет,Нет,,г. Саратов,,,Нет,,facebook,1
538,538,,74,Ж,14718.0,66.0,плацкарт,Нет,Нет,,г. Мурманск,,высшее,,Нет,facebook,2
539,539,,55,Ж,17957.0,57.0,купе,Нет,Нет,,г. Курган,в браке,среднее профессиональное,,Нет,одноклассники,2
540,540,,36,М,13719.0,72.0,плацкарт,Нет,Нет,,г. Иркутск,в браке,,,1,facebook,1
541,541,,43,М,16907.0,66.0,плацкарт,Нет,Нет,Средний медицинский персонал здравоохранения,г. Магнитогорск,,,Да,2,Нет,1
542,542,,26,Ж,21117.0,84.0,плацкарт,Нет,Нет,,г. Черкесск,не состояла в браке,,Нет,Нет,одноклассники,0
543,543,,29,Ж,13180.0,55.0,плацкарт,Нет,Нет,,г. Оренбург,,,,1,vk,1
544,544,,36,М,21373.0,74.0,купе,Нет,Нет,,г. Самара,,среднее общее,,,Нет,0
545,545,,78,Ж,12752.0,48.0,плацкарт,Нет,Нет,,г. Северск,не состояла в браке,,Нет,,одноклассники,2
546,546,,38,Ж,16604.0,72.0,плацкарт,Нет,Нет,Рабочие в области электротехники и электроники,г. Санкт-Петербург,в браке,высшее,,,Нет,1
547,547,,56,Ж,23135.0,73.0,купе,Нет,Нет,,г. Обнинск,,среднее общее,,3,одноклассники,2
548,548,,37,М,10847.0,35.0,купе,Нет,Нет,,г. Москва,,,,,vk,1
549,549,,19,М,15609.0,60.0,плацкарт,Нет,Нет,,г. Якутск,,,,,Нет,1
550,550,,55,М,22878.0,61.0,СВ,Нет,Нет,Специалисты в области науки и техники,г. Москва,,,,,instagram,2
551,551,,33,М,17015.0,67.0,плацкарт,Нет,Нет,,г. Нижний Тагил,,,,4,facebook,1
552,552,,65,Ж,16405.0,77.0,плацкарт,Нет,Нет,,г. Санкт-Петербург,,высшее,Нет,1,Нет,2
553,553,,63,М,9972.0,32.0,купе,Нет,Нет,Специалисты в области образования,г. Ижевск,разведен,среднее общее,,Нет,Нет,1
554,554,,83,М,11291.0,28.0,СВ,Нет,Нет,,г. Таганрог,,среднее профессиональное,Нет,Нет,одноклассники,1
555,555,,79,Ж,20094.0,66.0,купе,Нет,Нет,,г. Москва,,среднее профессиональное,,,Нет,2
556,556,,56,Ж,17370.0,62.0,плацкарт,Нет,Нет,,г. Тольятти,,,Нет,Нет,одноклассники,2
557,557,,47,М,14995.0,68.0,плацкарт,Нет,Нет,,г. Пенза,,среднее профессиональное,,,Нет,1
558,558,,64,М,31122.0,113.0,плацкарт,Нет,Нет,,г. Волгоград,,,,Нет,Нет,0
559,559,,66,М,21762.0,80.0,плацкарт,Нет,Нет,,г. Москва,,,,,Нет,2
560,560,,63,М,20561.0,69.0,купе,Нет,Нет,,г. Москва,,,,Нет,Нет,2
561,561,,18,М,15524.0,44.0,купе,Нет,Нет,,г. Ярославль,не состоял в браке,,,Нет,vk,1
562,562,,31,Ж,19966.0,68.0,купе,Нет,Нет,,г. Москва,,среднее профессиональное,,1,Нет,0
563,563,,48,М,22175.0,56.0,СВ,Нет,Нет,,г. Москва,в браке,,Нет,,Нет,2
564,564,,22,Ж,25191.0,99.0,плацкарт,Нет,Нет,,г. Казань,не состояла в браке,среднее общее,,Нет,Нет,0
565,565,,23,Ж,22402.0,82.0,плацкарт,Нет,Нет,,г. Пермь,,,,,vk,0
566,566,,45,Ж,11593.0,44.0,плацкарт,Нет,Нет,,г. Тамбов,в браке,высшее,,Нет,Нет,1
567,567,,23,М,21445.0,62.0,купе,Нет,Нет,,г. Махачкала,,среднее профессиональное,,4,vk,0
568,568,,21,Ж,10332.0,66.0,плацкарт,Нет,Нет,Служащие общего профиляи обслуживающие офисную технику,г. Брянск,,,Нет,,одноклассники,1
569,569,,52,Ж,18990.0,76.0,плацкарт,Нет,Нет,,г. Архангельск,,,,Нет,одноклассники,2
570,570,,73,Ж,21137.0,74.0,купе,Нет,Нет,,г. Северодвинск,вдова,среднее профессиональное,Нет,,одноклассники,2
571,571,,61,Ж,21044.0,73.0,купе,Нет,Нет,,г. Санкт-Петербург,,,,Нет,Нет,2
572,572,,89,М,17188.0,65.0,плацкарт,Нет,Нет,,г. Пенза,,,,Нет,одноклассники,2
573,573,,65,М,23007.0,89.0,плацкарт,Нет,Нет,,г. Новокузнецк,в браке,,,Нет,Нет,2
574,574,,40,М,26702.0,85.0,купе,Нет,Нет,,г. Керчь,,,,,Нет,0
575,575,,52,М,21261.0,67.0,купе,Нет,Нет,,г. Челябинск,,,Нет,,одноклассники,2
576,576,,31,Ж,20307.0,74.0,плацкарт,Нет,Нет,Операторы промышленных установок и стационарногооборудования,г. Владивосток,не состояла в браке,,,1,instagram,0
577,577,,47,Ж,8166.0,34.0,плацкарт,Нет,Нет,,г. Иваново,в браке,,,Нет,Нет,1
578,578,,81,Ж,23872.0,77.0,купе,Нет,Нет,,г. Астрахань,,,,3,одноклассники,2
579,579,,33,Ж,24412.0,99.0,плацкарт,Нет,Нет,Водители и операторы подвижного оборудования,г. Москва,,,,Нет,Нет,0
580,580,,59,М,17661.0,70.0,плацкарт,Нет,Нет,,г. Санкт-Петербург,в браке,,Нет,2,одноклассники,2
581,581,,41,Ж,8651.0,32.0,плацкарт,Нет,Нет,,г. Тольятти,,,Да,5,Нет,1
582,582,,82,Ж,18438.0,55.0,купе,Нет,Нет,,г. Москва,,,,,facebook,2
583,583,,74,М,14472.0,63.0,плацкарт,Нет,Нет,,г. Саратов,не состоял в браке,,,Нет,одноклассники,2
584,584,,58,Ж,4403.0,19.0,плацкарт,Нет,Нет,Средний специальный персонал по экономической и административной деятельности,г. Екатеринбург,,среднее профессиональное,Да,Нет,vk,1
585,585,,79,Ж,19708.0,71.0,плацкарт,Нет,Нет,,г. Красноярск,,среднее профессиональное,,Нет,vk,2
586,586,,28,Ж,15070.0,63.0,плацкарт,Нет,Нет,Специалисты в сфере бизнеса и администрирования,г. Самара,,,,Нет,Нет,1
587,587,,25,Ж,17880.0,76.0,плацкарт,Нет,Нет,"Рабочие пищевой, деревообрабатывающей, текстильной и швейной промышленности и рабочие родственных занятий",г. Новосибирск,в браке,,,Нет,Нет,0
588,588,,30,Ж,11381.0,37.0,купе,Нет,Нет,,г. Москва,в браке,,Да,,vk,1
589,589,,43,Ж,25447.0,83.0,купе,Нет,Нет,Водители и операторы подвижного оборудования,г. Омск,,высшее,,5,Нет,0
590,590,,38,М,10422.0,48.0,плацкарт,Нет,Нет,,г. Липецк,,,Да,1,vk,1
591,591,,77,Ж,9105.0,20.0,люкс,Нет,Нет,,г. Иваново,в браке,,,Нет,одноклассники,1
592,592,,40,Ж,26200.0,93.0,плацкарт,Нет,Нет,"Рабочие пищевой, деревообрабатывающей, текстильной и швейной промышленности и рабочие родственных занятий",г. Иркутск,в браке,,,Нет,Нет,0
593,593,,15,Ж,14893.0,68.0,плацкарт,Нет,Нет,,г. Пенза,,,,Нет,instagram,1
594,594,,43,Ж,15499.0,78.0,плацкарт,Нет,Нет,,г. Рязань,в браке,,Нет,,Нет,0
595,595,,61,М,21675.0,57.0,СВ,Нет,Нет,,г. Вологда,,высшее,,1,Нет,2
596,596,,40,Ж,15797.0,49.0,купе,Нет,Нет,,г. Санкт-Петербург,,высшее,Да,,Нет,1
597,597,,25,Ж,21312.0,75.0,плацкарт,Да,Нет,Средний специальный персонал по экономической и административной деятельности,г. Санкт-Петербург,,,,,vk,0
598,598,,36,М,11651.0,59.0,плацкарт,Нет,Нет,"Рабочие, занятые в металлообрабатывающем и машиностроительном производстве, механики и ремонтники",г. Москва,,,,2,Нет,1
599,599,,43,М,18454.0,57.0,купе,Нет,Нет,,г. Тула,,среднее профессиональное,,Нет,Нет,1
600,600,,62,М,15737.0,66.0,плацкарт,Нет,Нет,,г. Санкт-Петербург,,среднее общее,Нет,Нет,Нет,2
601,601,,78,Ж,23739.0,80.0,купе,Нет,Нет,,г. Владивосток,,,,Нет,Нет,2
602,602,,70,Ж,20255.0,84.0,плацкарт,Нет,Нет,,г. Самара,,,,,одноклассники,2
603,603,,50,Ж,13718.0,52.0,плацкарт,Нет,Нет,,г. Севастополь,,среднее профессиональное,,Нет,одноклассники,1
604,604,,28,М,14030.0,62.0,плацкарт,Нет,Нет,Специалисты в области науки и техники,г. Йошкар-Ола,,,,3,Нет,1
605,605,,16,М,25495.0,90.0,плацкарт,Нет,Нет,,г. Сургут,,,Нет,Нет,facebook,0
606,606,,60,Ж,15443.0,64.0,плацкарт,Нет,Нет,,г. Копейск,,,,Нет,Нет,2
607,607,,30,М,19295.0,75.0,плацкарт,Нет,Нет,,г. Астрахань,,,,,Нет,0
608,608,,34,Ж,14765.0,55.0,плацкарт,Нет,Нет,,г. Тюмень,в браке,среднее профессиональное,Да,2,instagram,1
609,609,,27,М,16673.0,63.0,плацкарт,Нет,Нет,,г. Наб. Челны,не состоял в браке,,Да,1,одноклассники,1
610,610,,33,Ж,11154.0,44.0,плацкарт,Нет,Нет,,г. Ставрополь,,,Нет,,vk,1
611,611,,60,М,17853.0,70.0,плацкарт,Нет,Нет,,г. Самара,в браке,,,1,Нет,2
612,612,,60,М,24792.0,97.0,плацкарт,Нет,Да,,г. Сочи,в браке,,Нет,,Нет,0
613,613,,63,Ж,19142.0,68.0,плацкарт,Нет,Нет,,г. Норильск,вдова,,,Нет,Нет,2
614,614,,70,Ж,11527.0,45.0,плацкарт,Нет,Нет,,г. Назрань,,высшее,,Нет,vk,1
615,615,,60,М,18452.0,67.0,плацкарт,Нет,Нет,,г. Каспийск,,,,,Нет,2
616,616,,31,Ж,18621.0,73.0,плацкарт,Нет,Нет,"Рабочие, занятые в строительстве, и рабочие родственных занятий (за исключением электриков)",г. Владивосток,,среднее профессиональное,Нет,1,facebook,0
617,617,,23,М,14992.0,55.0,плацкарт,Нет,Нет,,г. Королёв,не состоял в браке,,,,Нет,1
618,618,,33,М,23140.0,94.0,плацкарт,Нет,Нет,,г. Артем,в браке,высшее,,,instagram,0
619,619,,73,М,21271.0,73.0,купе,Нет,Нет,,г. Курск,,высшее,,Нет,Нет,2
620,620,,64,Ж,24652.0,65.0,СВ,Нет,Да,,г. Тюмень,,,,3,Нет,2
621,621,,58,М,18752.0,69.0,плацкарт,Нет,Нет,,г. Сыктывкар,,,,,Нет,2
622,622,,33,М,23245.0,77.0,купе,Нет,Нет,,г. Казань,,,,,одноклассники,0
623,623,,50,Ж,17486.0,58.0,купе,Нет,Да,,г. Самара,,,,,одноклассники,2
624,624,,28,М,17426.0,75.0,плацкарт,Нет,Нет,,г. Белгород,в браке,,,3,facebook,0
625,625,,69,Ж,22548.0,74.0,купе,Нет,Нет,,г. Ангарск,,,Нет,1,Нет,2
626,626,,73,Ж,13187.0,70.0,плацкарт,Нет,Да,,г. Москва,вдова,,Нет,2,одноклассники,2
627,627,,74,Ж,16314.0,68.0,плацкарт,Нет,Нет,,г. Санкт-Петербург,,,Нет,Нет,одноклассники,2
628,628,,48,Ж,23430.0,74.0,купе,Нет,Нет,,г. Москва,,,Нет,1,Нет,0
629,629,,24,М,25154.0,84.0,купе,Нет,Нет,,г. Москва,,высшее,Нет,4,vk,0
630,630,,35,Ж,21348.0,86.0,плацкарт,Нет,Нет,,г. Москва,в браке,,,2,Нет,0
631,631,,57,Ж,28261.0,87.0,купе,Нет,Нет,Специалисты в области науки и техники,г. Салават,,среднее общее,,,facebook,0
632,632,,34,Ж,10817.0,60.0,плацкарт,Нет,Нет,,г. Москва,,,,,Нет,1
633,633,,35,Ж,18627.0,74.0,плацкарт,Нет,Нет,,г. Энгельс,,среднее профессиональное,,2,vk,0
634,634,,31,Ж,25902.0,94.0,плацкарт,Нет,Нет,,г. Челябинск,,,,Нет,Нет,0
635,635,,20,М,15393.0,57.0,плацкарт,Нет,Нет,,г. Владикавказ,,,Нет,Нет,instagram,1
636,636,,41,Ж,19786.0,71.0,плацкарт,Нет,Нет,,г. Москва,в браке,среднее профессиональное,,2,Нет,0
637,637,,29,Ж,13814.0,68.0,плацкарт,Нет,Нет,,г. Ставрополь,,,Нет,Нет,vk,1
638,638,,44,М,20615.0,71.0,купе,Нет,Нет,Продавцы,г. Казань,,,,Нет,Нет,0
639,639,,42,М,17006.0,65.0,плацкарт,Нет,Нет,Рабочие в области электротехники и электроники,г. Ставрополь,,высшее,,Нет,Нет,1
640,640,,29,М,17374.0,64.0,плацкарт,Нет,Нет,,г. Грозный,,,,,Нет,1
641,641,,39,Ж,20306.0,83.0,плацкарт,Нет,Нет,Уборщики и прислуга ,г. Иваново,,,,2,Нет,0
642,642,,65,Ж,17387.0,78.0,плацкарт,Да,Нет,,г. Москва,,,Нет,1,Нет,2
643,643,,36,М,17567.0,71.0,плацкарт,Нет,Нет,Специалисты по информационно-коммуникационным технологиям (ИКТ),г. Химки,в браке,среднее профессиональное,Нет,Нет,одноклассники,0
644,644,,31,Ж,18183.0,57.0,купе,Нет,Нет,,г. Йошкар-Ола,разведена,,,1,vk,1
645,645,,55,Ж,17010.0,74.0,плацкарт,Нет,Нет,,г. Красноярск,,,Нет,Нет,facebook,2
646,646,,37,М,11210.0,52.0,плацкарт,Нет,Нет,,г. Архангельск,не состоял в браке,,,Нет,Нет,1
647,647,,63,Ж,19379.0,61.0,купе,Нет,Нет,,г. Норильск,разведена,,,Нет,Нет,2
648,648,,30,М,14269.0,53.0,плацкарт,Нет,Нет,,г. Москва,,среднее профессиональное,,1,instagram,1
649,649,,71,Ж,19615.0,70.0,плацкарт,Нет,Нет,,г. Самара,,,,Нет,одноклассники,2
650,650,,49,М,15292.0,68.0,плацкарт,Нет,Нет,Средний медицинский персонал здравоохранения,г. Ульяновск,,,,,Нет,1
651,651,,83,Ж,18124.0,75.0,плацкарт,Нет,Нет,,г. Киров,,,,2,одноклассники,2
652,652,,90,Ж,23446.0,87.0,плацкарт,Нет,Нет,,г. Москва,,,,Нет,Нет,2
653,653,,71,М,1822.0,30.0,плацкарт,Нет,Нет,,г. Евпатория,,,Нет,Нет,одноклассники,1
654,654,,67,Ж,22955.0,78.0,купе,Нет,Нет,,г. Новочебоксарск,,,,,Нет,2
655,655,,94,Ж,15074.0,54.0,плацкарт,Нет,Да,,г. Петропавловск-Камчатский,,,,1,Нет,2
656,656,,15,М,13126.0,65.0,плацкарт,Нет,Нет,,г. Ставрополь,,,,Нет,Нет,1
657,657,,56,Ж,15439.0,84.0,плацкарт,Нет,Нет,,г. Санкт-Петербург,,среднее профессиональное,Нет,,facebook,2
658,658,,29,М,22978.0,90.0,плацкарт,Нет,Нет,Продавцы,г. Красноярск,,,Нет,,facebook,0
659,659,,34,Ж,17399.0,73.0,плацкарт,Нет,Нет,,г. Краснодар,,среднее профессиональное,Нет,,facebook,0
660,660,,33,Ж,21131.0,60.0,купе,Нет,Нет,Специалисты в области образования,г. Брянск,,,,Нет,vk,0
661,661,,64,Ж,12565.0,51.0,плацкарт,Нет,Нет,,г. Москва,,высшее,,Нет,Нет,1
662,662,,30,Ж,15461.0,45.0,купе,Нет,Нет,,г. Березники,в браке,высшее,Да,,tiktok,1
663,663,,30,М,22205.0,83.0,плацкарт,Нет,Нет,Работники сферы индивидуальных услуг,г. Москва,в браке,среднее профессиональное,,3,facebook,0
664,664,,60,Ж,26408.0,102.0,плацкарт,Нет,Нет,,г. Пушкино,,,Нет,,Нет,0
665,665,,15,М,1718.0,20.0,плацкарт,Нет,Нет,,г. Новочеркасск,,,Нет,Нет,facebook,1
666,666,,41,М,16185.0,57.0,плацкарт,Нет,Нет,,г. Одинцово,,среднее общее,,,Нет,1
667,667,,31,Ж,17112.0,63.0,плацкарт,Нет,Нет,,г. Сургут,не состояла в браке,,Нет,1,facebook,1
668,668,,51,М,19440.0,71.0,плацкарт,Нет,Нет,Операторы промышленных установок и стационарногооборудования,г. Благовещенск,,,,1,Нет,2
669,669,,29,М,9625.0,37.0,плацкарт,Нет,Нет,Продавцы,г. Новокузнецк,в браке,высшее,,1,Нет,1
670,670,,61,М,20853.0,92.0,плацкарт,Нет,Нет,,г. Новосибирск,в браке,среднее профессиональное,,1,Нет,2
671,671,,46,Ж,17602.0,59.0,купе,Нет,Нет,Специалисты-техники в области науки и техники,г. Курск,в браке,,,3,Нет,1
672,672,,27,Ж,22555.0,96.0,плацкарт,Нет,Нет,Служащие общего профиляи обслуживающие офисную технику,г. Самара,,,Да,2,tiktok,0
673,673,,38,Ж,16660.0,63.0,плацкарт,Нет,Нет,,г. Псков,не состояла в браке,среднее профессиональное,,Нет,instagram,1
674,674,,34,М,24614.0,72.0,купе,Нет,Нет,"Рабочие, занятые в строительстве, и рабочие родственных занятий (за исключением электриков)",г. Краснодар,в браке,высшее,,,Нет,0
675,675,,22,М,10680.0,57.0,плацкарт,Нет,Нет,"Работники, оказывающие услуги по индивидуальному уходу",г. Новосибирск,в браке,,,1,vk,1
676,676,,81,М,19401.0,60.0,купе,Нет,Нет,,г. Нижний Тагил,в браке,среднее общее,,1,Нет,2
677,677,,29,М,29378.0,80.0,купе,Нет,Нет,,г. Краснодар,не состоял в браке,высшее,Нет,Нет,vk,0
678,678,,38,Ж,15555.0,42.0,СВ,Нет,Нет,,г. Москва,,,Да,2,vk,1
679,679,,77,М,22304.0,82.0,плацкарт,Нет,Нет,,г. Якутск,в браке,,,5,Нет,2
680,680,,50,Ж,11332.0,50.0,плацкарт,Нет,Нет,,г. Нижний Новгород,в браке,,,,Нет,1
681,681,,29,Ж,21097.0,63.0,купе,Нет,Нет,,г. Южно-Сахалинск,,высшее,,Нет,Нет,0
682,682,,64,Ж,12316.0,45.0,плацкарт,Нет,Нет,,г. Энгельс,,,,2,Нет,1
683,683,,46,М,17456.0,80.0,плацкарт,Нет,Нет,,г. Санкт-Петербург,,среднее профессиональное,Нет,1,Нет,0
684,684,,56,М,12392.0,33.0,СВ,Нет,Нет,,г. Грозный,,,,,facebook,1
685,685,,26,М,12979.0,59.0,плацкарт,Нет,Нет,,г. Ачинск,,среднее профессиональное,Да,,instagram,1
686,686,,78,М,16427.0,52.0,купе,Нет,Нет,,г. Каменск - Уральский,,высшее,Нет,Нет,одноклассники,2
687,687,,59,Ж,20386.0,70.0,купе,Нет,Нет,,г. Владивосток,разведена,,,2,Нет,2
688,688,,42,М,15583.0,56.0,плацкарт,Нет,Нет,"Рабочие, занятые в металлообрабатывающем и машиностроительном производстве, механики и ремонтники",г. Армавир,,,,1,Нет,1
689,689,,29,Ж,26319.0,84.0,купе,Нет,Нет,,г. Екатеринбург,,среднее общее,Нет,2,vk,0
690,690,,33,Ж,16654.0,70.0,плацкарт,Нет,Нет,Специалисты в области образования,г. Ханты-Мансийск,,,,,vk,1
691,691,,81,М,13102.0,65.0,плацкарт,Нет,Нет,,г. Балашиха,,среднее профессиональное,Нет,,одноклассники,2
692,692,,42,Ж,15129.0,61.0,плацкарт,Нет,Нет,,г. Владивосток,,среднее профессиональное,,Нет,Нет,1
693,693,,70,М,21510.0,55.0,СВ,Нет,Нет,,г. Королёв,в браке,среднее общее,,,Нет,2
694,694,,26,М,18819.0,56.0,купе,Нет,Нет,,г. Киров,,среднее профессиональное,,,Нет,1
695,695,,56,Ж,22846.0,59.0,СВ,Нет,Нет,,г. Владивосток,,,,4,одноклассники,2
696,696,,23,М,19558.0,57.0,купе,Нет,Нет,,г. Москва,,,,1,Нет,1
697,697,,49,М,21690.0,77.0,плацкарт,Нет,Нет,Специалисты в области образования,г. Вологда,,,Нет,4,Нет,0
698,698,,68,М,23051.0,82.0,плацкарт,Нет,Нет,,г. Орёл,,,,Нет,Нет,2
699,699,,29,Ж,15294.0,61.0,плацкарт,Нет,Нет,Работники сферы индивидуальных услуг,г. Красноярск,не состояла в браке,среднее общее,,,Нет,1
700,700,,98,М,21248.0,95.0,плацкарт,Нет,Да,,г. Владимир,,,Нет,,Нет,2
701,701,,41,М,16660.0,55.0,купе,Нет,Нет,,г. Бийск,,высшее,Да,Нет,Нет,1
702,702,,64,Ж,12410.0,43.0,купе,Нет,Нет,Специалисты в области образования,г. Симферополь,в браке,,,,Нет,1
703,703,,41,Ж,16083.0,66.0,плацкарт,Нет,Нет,,г. Ростов-на-Дону,,,,3,Нет,1
704,704,,31,М,19030.0,60.0,купе,Нет,Нет,"Рабочие, занятые в металлообрабатывающем и машиностроительном производстве, механики и ремонтники",г. Вологда,,,,Нет,Нет,1
705,705,,29,Ж,20988.0,71.0,купе,Нет,Нет,,г. Иркутск,не состояла в браке,среднее профессиональное,,4,Нет,0
706,706,,61,Ж,21437.0,68.0,купе,Нет,Нет,,г. Москва,,,,1,Нет,2
707,707,,34,Ж,17425.0,53.0,купе,Нет,Нет,,г. Барнаул,,,,,Нет,1
708,708,,33,Ж,25236.0,107.0,плацкарт,Нет,Нет,,г. Ростов-на-Дону,,среднее общее,Нет,3,facebook,0
709,709,,24,М,19923.0,62.0,купе,Нет,Нет,Средний медицинский персонал здравоохранения,г. Мытищи,не состоял в браке,среднее профессиональное,,1,vk,0
710,710,,81,Ж,16464.0,53.0,купе,Да,Нет,,г. Санкт-Петербург,,высшее,Нет,1,одноклассники,2
711,711,,59,Ж,15205.0,48.0,купе,Нет,Нет,,г. Санкт-Петербург,в браке,,,3,Нет,1
712,712,,24,Ж,16937.0,58.0,купе,Нет,Нет,,г. Уфа,,,,Нет,facebook,1
713,713,,55,М,18551.0,46.0,СВ,Нет,Нет,"Рабочие, занятые в металлообрабатывающем и машиностроительном производстве, механики и ремонтники",г. Омск,,,,Нет,Нет,1
714,714,,16,М,21444.0,90.0,плацкарт,Нет,Нет,,г. Новокузнецк,,,,Нет,Нет,0
715,715,,35,Ж,19631.0,81.0,плацкарт,Да,Нет,,г. Самара,,,,1,vk,0
716,716,,55,Ж,13496.0,61.0,плацкарт,Нет,Нет,Водители и операторы подвижного оборудования,г. Саранск,,высшее,Нет,,одноклассники,1
717,717,,55,Ж,17182.0,71.0,плацкарт,Нет,Нет,,г. Москва,,,Нет,1,facebook,2
718,718,,38,М,11821.0,54.0,плацкарт,Нет,Нет,,г. Орехово-Зуево,,среднее профессиональное,Нет,3,vk,1
719,719,,52,Ж,26102.0,81.0,купе,Нет,Нет,"Работники служб, осуществляющих охрану граждан и собственности",г. Москва,в браке,,,5,Нет,0
720,720,,19,М,13628.0,54.0,плацкарт,Нет,Нет,,г. Вологда,,,,2,instagram,1
721,721,,39,Ж,13139.0,46.0,купе,Нет,Нет,"Рабочие, занятые в металлообрабатывающем и машиностроительном производстве, механики и ремонтники",г. Тула,не состояла в браке,,,1,Нет,1
722,722,,61,Ж,14246.0,58.0,плацкарт,Нет,Да,,г. Москва,в браке,,,1,Нет,1
723,723,,34,Ж,27099.0,87.0,купе,Да,Нет,Специалисты в области науки и техники,г. Ростов-на-Дону,,,,4,facebook,0
724,724,,75,Ж,25292.0,87.0,купе,Нет,Нет,,г. Магнитогорск,,среднее общее,,Нет,одноклассники,2
725,725,,87,Ж,15421.0,62.0,плацкарт,Нет,Нет,,г. Ижевск,в браке,среднее профессиональное,,,facebook,2
726,726,,60,М,2594.0,36.0,плацкарт,Нет,Нет,,г. Вологда,в браке,,,4,Нет,1
727,727,,42,Ж,25651.0,91.0,плацкарт,Нет,Нет,,г. Ноябрьск,не состояла в браке,,Нет,,Нет,0
728,728,,64,М,16838.0,74.0,плацкарт,Нет,Нет,,г. Тюмень,,,,,Нет,2
729,729,,31,Ж,23247.0,93.0,плацкарт,Нет,Нет,Неквалифицированные работники по сбору мусора и другие неквалифицированные работники,г. Челябинск,не состояла в браке,,,1,vk,0
730,730,,92,Ж,23240.0,80.0,купе,Нет,Нет,,г. Москва,вдова,среднее профессиональное,,,Нет,2
731,731,,31,Ж,27537.0,91.0,купе,Нет,Нет,Продавцы,г. Киров,в браке,среднее общее,,Нет,Нет,0
732,732,,23,М,17289.0,53.0,купе,Нет,Нет,,г. Кемерово,,,Нет,1,facebook,1
733,733,,64,М,24539.0,77.0,купе,Нет,Нет,,г. Смоленск,в браке,,,1,Нет,2
734,734,,49,Ж,16632.0,57.0,купе,Нет,Нет,,г. Ростов-на-Дону,,,,Нет,Нет,1
735,735,,45,Ж,6183.0,39.0,плацкарт,Нет,Нет,,г. Челябинск,,высшее,,,Нет,1
736,736,,44,Ж,12297.0,51.0,плацкарт,Нет,Нет,,г. Великий Новгород,не состояла в браке,среднее профессиональное,Да,5,Нет,1
737,737,,46,М,9197.0,52.0,плацкарт,Нет,Нет,,г. Сергиев Посад,,,,1,Нет,1
738,738,,61,Ж,30865.0,96.0,купе,Нет,Нет,,г. Магнитогорск,,,,Нет,Нет,0
739,739,,20,Ж,16334.0,63.0,плацкарт,Нет,Нет,,г. Альметьевск,,,,Нет,facebook,1
740,740,,19,М,13910.0,49.0,плацкарт,Нет,Нет,,г. Москва,не состоял в браке,,Нет,1,vk,1
741,741,,39,М,22201.0,65.0,купе,Нет,Нет,,г. Салават,,,,1,одноклассники,0
742,742,,24,М,22018.0,81.0,плацкарт,Нет,Нет,,г. Краснодар,,среднее профессиональное,Да,1,vk,0
743,743,,30,М,15651.0,53.0,купе,Нет,Нет,,г. Архангельск,не состоял в браке,высшее,,,facebook,1
744,744,,33,М,11657.0,41.0,плацкарт,Нет,Нет,"Работники служб, осуществляющих охрану граждан и собственности",г. Муром,в браке,высшее,,Нет,Нет,1
745,745,,36,М,17252.0,47.0,купе,Нет,Нет,,г. Елец,в браке,среднее общее,,1,Нет,1
746,746,,52,М,15529.0,72.0,плацкарт,Нет,Нет,,г. Оренбург,разведен,,,1,Нет,2
747,747,,20,М,15004.0,42.0,купе,Нет,Нет,Специалисты в области науки и техники,г. Уфа,,высшее,,Нет,Нет,1
748,748,,33,Ж,23560.0,103.0,плацкарт,Нет,Нет,,г. Брянск,,,,2,одноклассники,0
749,749,,31,Ж,18871.0,78.0,плацкарт,Нет,Нет,,г. Первоуральск,,высшее,,Нет,одноклассники,0
750,750,,40,Ж,20484.0,72.0,плацкарт,Нет,Нет,Водители и операторы подвижного оборудования,г. Владикавказ,,среднее профессиональное,,Нет,Нет,0
751,751,,53,Ж,19032.0,71.0,плацкарт,Да,Нет,,г. Ковров,разведена,,,,Нет,2
752,752,,61,Ж,22116.0,85.0,плацкарт,Нет,Нет,,г. Комсомольск-на-Амуре,,среднее профессиональное,,Нет,Нет,2
753,753,,16,Ж,18118.0,82.0,плацкарт,Нет,Нет,,г. Казань,,,Нет,Нет,facebook,0
754,754,,29,Ж,17192.0,55.0,купе,Да,Нет,,г. Ижевск,,,,,Нет,1
755,755,,61,М,25485.0,93.0,плацкарт,Нет,Нет,,г. Челябинск,,,Нет,1,Нет,0
756,756,,52,М,15281.0,64.0,плацкарт,Нет,Нет,,г. Москва,,,,2,одноклассники,1
757,757,,40,М,11674.0,51.0,плацкарт,Нет,Нет,,г. Рязань,,,,1,Нет,1
758,758,,38,Ж,18584.0,56.0,купе,Нет,Нет,,г. Комсомольск-на-Амуре,,,,1,Нет,1
759,759,,47,Ж,16827.0,61.0,плацкарт,Нет,Нет,,г. Симферополь,,среднее профессиональное,,2,Нет,1
760,760,,62,М,18512.0,53.0,купе,Нет,Нет,,г. Зеленодольск,в браке,среднее профессиональное,,Нет,Нет,2
761,761,,60,Ж,20420.0,76.0,плацкарт,Нет,Нет,,г. Нижний Новгород,,,,Нет,Нет,2
762,762,,20,Ж,31888.0,103.0,купе,Нет,Нет,"Специалисты в области права, гуманитарных областей и культуры",г. Магнитогорск,не состояла в браке,,Нет,1,instagram,0
763,763,,30,Ж,21535.0,84.0,плацкарт,Нет,Нет,,г. Березники,,среднее общее,,,Нет,0
764,764,,33,М,13092.0,50.0,плацкарт,Нет,Нет,Водители и операторы подвижного оборудования,г. Дербент,,среднее общее,,,vk,1
765,765,,18,М,22054.0,82.0,плацкарт,Нет,Нет,,г. Ижевск,не состоял в браке,,Нет,2,instagram,0
766,766,,78,Ж,15078.0,64.0,плацкарт,Нет,Нет,,г. Москва,в браке,среднее общее,,1,одноклассники,2
767,767,,29,М,12792.0,57.0,плацкарт,Да,Нет,,г. Тамбов,,,,,vk,1
768,768,,66,Ж,15701.0,67.0,плацкарт,Нет,Да,,г. Йошкар-Ола,вдова,среднее профессиональное,,2,Нет,2
769,769,,66,М,27117.0,73.0,СВ,Нет,Нет,,г. Брянск,,,,1,Нет,2
770,770,,33,М,23743.0,76.0,купе,Нет,Нет,,г. Благовещенск,,среднее профессиональное,Нет,2,facebook,0
771,771,,30,М,26586.0,75.0,купе,Нет,Нет,,г. Красноярск,,,,1,tiktok,0
772,772,,91,М,23998.0,69.0,купе,Нет,Нет,,г. Москва,,высшее,,,Нет,2
773,773,,34,Ж,15318.0,62.0,плацкарт,Нет,Нет,"Специалисты в области права, гуманитарных областей и культуры",г. Братск,,,,1,vk,1
774,774,,32,Ж,15787.0,62.0,плацкарт,Да,Нет,,г. Великий Новгород,в браке,,,,instagram,1
775,775,,33,М,18411.0,69.0,плацкарт,Нет,Нет,,г. Екатеринбург,разведен,среднее общее,,Нет,Нет,0
776,776,,46,М,29442.0,86.0,купе,Нет,Нет,,г. Курск,в браке,среднее профессиональное,Нет,3,Нет,0
777,777,,47,М,16656.0,58.0,купе,Да,Нет,,г. Ессентуки,,среднее общее,,Нет,Нет,1
778,778,,50,Ж,13739.0,50.0,плацкарт,Нет,Нет,,г. Санкт-Петербург,,высшее,Нет,Нет,одноклассники,1
779,779,,69,М,8744.0,43.0,плацкарт,Нет,Нет,,г. Москва,разведен,,,,Нет,1
780,780,,70,Ж,19410.0,54.0,купе,Нет,Нет,,г. Москва,,,,4,одноклассники,2
781,781,,48,М,12928.0,50.0,плацкарт,Нет,Нет,,г. Нефтеюганск,,,,Нет,Нет,1
782,782,,45,Ж,16874.0,57.0,купе,Нет,Нет,,г. Пермь,в браке,среднее профессиональное,,Нет,Нет,1
783,783,,68,М,8204.0,37.0,плацкарт,Нет,Нет,,г. Красноярск,,высшее,,Нет,Нет,1
784,784,,43,М,16630.0,57.0,купе,Нет,Нет,Специалисты в области науки и техники,г. Рязань,,среднее профессиональное,,2,Нет,1
785,785,,64,Ж,18602.0,68.0,плацкарт,Да,Нет,,г. Москва,вдова,среднее профессиональное,,Нет,Нет,2
786,786,,39,Ж,25669.0,92.0,плацкарт,Да,Нет,,г. Волгоград,,,,Нет,facebook,0
787,787,,66,Ж,19717.0,75.0,плацкарт,Нет,Нет,,г. Краснодар,,,,Нет,Нет,2
788,788,,34,М,16181.0,41.0,СВ,Нет,Нет,,г. Москва,,,,1,instagram,1
789,789,,15,М,23630.0,89.0,плацкарт,Нет,Нет,,г. Ессентуки,,,Нет,Нет,facebook,0
790,790,,53,Ж,15390.0,53.0,купе,Нет,Нет,,г. Оренбург,,,Да,Нет,vk,1
791,791,,39,Ж,20305.0,68.0,купе,Нет,Нет,,г. Краснодар,,,Нет,4,facebook,0
792,792,,30,Ж,22062.0,67.0,купе,Нет,Нет,Средний медицинский персонал здравоохранения,г. Оренбург,,,Да,Нет,vk,0
793,793,,71,Ж,19130.0,77.0,плацкарт,Нет,Нет,,г. Москва,,,Нет,1,одноклассники,2
794,794,,45,М,19224.0,72.0,плацкарт,Нет,Нет,,г. Стерлитамак,в браке,,Да,,Нет,0
795,795,,21,М,21463.0,73.0,купе,Нет,Нет,Работники сферы индивидуальных услуг,г. Белгород,,,Нет,2,instagram,0
796,796,,57,М,23649.0,88.0,плацкарт,Нет,Нет,,г. Москва,,,,1,Нет,0
797,797,,35,М,8377.0,40.0,плацкарт,Да,Нет,Специалисты в сфере бизнеса и администрирования,г. Москва,,высшее,,,facebook,1
798,798,,45,М,16494.0,58.0,плацкарт,Нет,Нет,,г. Петропавловск-Камчатский,,высшее,Нет,Нет,Нет,1
799,799,,71,Ж,15040.0,49.0,купе,Нет,Нет,,г. Волгоград,вдова,среднее общее,,1,одноклассники,2
800,800,,17,Ж,20993.0,72.0,купе,Нет,Нет,,г. Москва,,,,Нет,Нет,0
801,801,,40,М,21552.0,87.0,плацкарт,Нет,Нет,,г. Уфа,,,,Нет,Нет,0
802,802,,44,М,23216.0,73.0,купе,Нет,Нет,,г. Уфа,,,Нет,Нет,Нет,0
803,803,,38,Ж,14968.0,44.0,купе,Да,Нет,,г. Москва,,,Да,,instagram,1
804,804,,19,Ж,15963.0,66.0,плацкарт,Нет,Нет,,г. Санкт-Петербург,,,,,Нет,1
805,805,,37,Ж,16397.0,70.0,плацкарт,Нет,Нет,,г. Северск,,среднее профессиональное,,1,facebook,1
806,806,,31,М,18574.0,77.0,плацкарт,Нет,Нет,Специалисты-техники в области науки и техники,г. Москва,,среднее профессиональное,,Нет,Нет,0
807,807,,54,Ж,16314.0,74.0,плацкарт,Да,Нет,Средний специальный персонал по экономической и административной деятельности,г. Хабаровск,в браке,высшее,,Нет,одноклассники,2
808,808,,89,М,19813.0,66.0,купе,Нет,Нет,,г. Москва,в браке,,Нет,,tiktok,2
809,809,,17,М,18285.0,66.0,плацкарт,Нет,Нет,,г. Москва,,,Нет,Нет,одноклассники,0
810,810,,50,М,17637.0,69.0,плацкарт,Нет,Нет,,г. Санкт-Петербург,в браке,среднее профессиональное,Да,2,vk,2
811,811,,66,М,17311.0,54.0,купе,Нет,Нет,,г. Прокопьевск,,,,Нет,Нет,2
812,812,,78,М,21493.0,80.0,плацкарт,Нет,Нет,,г. Махачкала,,среднее профессиональное,Да,,vk,2
813,813,,95,Ж,26771.0,88.0,купе,Нет,Нет,,г. Петропавловск-Камчатский,,среднее общее,,Нет,Нет,2
814,814,,80,М,16605.0,58.0,купе,Нет,Нет,,г. Чебоксары,в браке,высшее,Нет,,одноклассники,2
815,815,,59,Ж,25044.0,95.0,плацкарт,Нет,Нет,,г. Санкт-Петербург,,,,,одноклассники,0
816,816,,69,М,18657.0,63.0,купе,Нет,Нет,,г. Королёв,,высшее,,2,Нет,2
817,817,,30,Ж,17230.0,80.0,плацкарт,Нет,Нет,,г. Санкт-Петербург,,,,1,Нет,0
818,818,,39,Ж,13136.0,52.0,плацкарт,Нет,Нет,Специалисты по информационно-коммуникационным технологиям (ИКТ),г. Москва,,,Нет,Нет,facebook,1
819,819,,70,Ж,8239.0,45.0,плацкарт,Да,Нет,,г. Сочи,вдова,,Нет,,facebook,1
820,820,,43,Ж,19510.0,77.0,плацкарт,Нет,Нет,,г. Белгород,,,,Нет,Нет,0
821,821,,70,М,15235.0,67.0,плацкарт,Нет,Нет,,г. Москва,,среднее профессиональное,Нет,,facebook,2
822,822,,36,М,21597.0,80.0,плацкарт,Нет,Нет,,г. Уфа,в браке,,,2,одноклассники,0
823,823,,45,Ж,17815.0,62.0,купе,Нет,Нет,,г. Махачкала,,,,Нет,Нет,1
824,824,,33,М,20629.0,76.0,плацкарт,Нет,Нет,,г. Балашиха,,,Нет,Нет,facebook,0
825,825,,58,М,23562.0,75.0,купе,Да,Нет,,г. Обнинск,,,,Нет,facebook,2
826,826,,67,М,14709.0,79.0,плацкарт,Нет,Нет,,г. Пермь,,,Нет,Нет,Нет,2
827,827,,69,Ж,23488.0,79.0,купе,Нет,Нет,,г. Санкт-Петербург,,,,,Нет,2
828,828,,55,Ж,16422.0,74.0,плацкарт,Нет,Нет,,г. Дзержинск,не состояла в браке,среднее профессиональное,,,facebook,2
829,829,,56,М,18512.0,54.0,купе,Нет,Нет,Служащие в сфере обработки числовой информации и учета материальных ценностей,г. Москва,,среднее профессиональное,Нет,1,одноклассники,2
830,830,,39,Ж,14640.0,59.0,плацкарт,Нет,Нет,Специалисты в сфере бизнеса и администрирования,г. Наб. Челны,разведена,,,2,Нет,1
831,831,,23,Ж,18045.0,76.0,плацкарт,Нет,Нет,,г. Подольск,,среднее профессиональное,Да,2,instagram,0
832,832,,23,М,18392.0,73.0,плацкарт,Нет,Нет,,г. Тверь,,,Нет,2,instagram,0
833,833,,46,Ж,17895.0,65.0,плацкарт,Нет,Нет,,г. Липецк,,высшее,,,Нет,1
834,834,,59,М,15550.0,57.0,плацкарт,Нет,Нет,"Рабочие, занятые в металлообрабатывающем и машиностроительном производстве, механики и ремонтники",г. Чебоксары,в браке,,,,facebook,1
835,835,,52,Ж,8939.0,40.0,плацкарт,Нет,Нет,,г. Москва,,высшее,,Нет,instagram,1
836,836,,32,Ж,25426.0,84.0,купе,Нет,Нет,Специалисты в области науки и техники,г. Петропавловск-Камчатский,,,,,vk,0
837,837,,61,М,15813.0,52.0,купе,Нет,Нет,,г. Мытищи,,,,,Нет,1
838,838,,66,М,22554.0,78.0,купе,Нет,Нет,,г. Санкт-Петербург,,среднее общее,,1,Нет,2
839,839,,17,Ж,23326.0,89.0,плацкарт,Нет,Нет,,г. Тольятти,не состояла в браке,,,Нет,Нет,0
840,840,,82,Ж,12910.0,37.0,купе,Нет,Нет,,г. Воронеж,,,,Нет,одноклассники,2
841,841,,27,М,7722.0,38.0,плацкарт,Нет,Нет,,г. Калининград,,среднее профессиональное,,2,Нет,1
842,842,,67,Ж,22529.0,66.0,купе,Нет,Нет,,г. Волгодонск,,,,Нет,Нет,2
843,843,,30,М,8324.0,43.0,плацкарт,Нет,Нет,"Специалисты в области права, гуманитарных областей и культуры",г. Екатеринбург,,,,Нет,Нет,1
844,844,,61,М,12546.0,30.0,люкс,Нет,Нет,,г. Пенза,,,Нет,Нет,Нет,1
845,845,,57,М,10451.0,50.0,плацкарт,Нет,Нет,,г. Ульяновск,,,,Нет,одноклассники,1
846,846,,60,Ж,14390.0,62.0,плацкарт,Нет,Нет,,г. Омск,,среднее общее,,,Нет,1
847,847,,49,Ж,28038.0,101.0,плацкарт,Нет,Нет,,г. Москва,в браке,,,2,Нет,0
848,848,,41,М,25719.0,87.0,купе,Нет,Нет,,г. Санкт-Петербург,,среднее общее,,Нет,Нет,0
849,849,,42,М,14154.0,55.0,плацкарт,Нет,Нет,Уборщики и прислуга ,г. Махачкала,в браке,среднее профессиональное,,,Нет,1
850,850,,28,Ж,10068.0,37.0,плацкарт,Нет,Нет,,г. Саратов,,,Нет,,facebook,1
851,851,,47,Ж,19083.0,65.0,купе,Нет,Нет,,г. Керчь,,высшее,Нет,3,Нет,2
852,852,,62,М,27603.0,82.0,купе,Нет,Нет,,г. Москва,в браке,среднее общее,,2,Нет,2
853,853,,27,Ж,17530.0,54.0,купе,Нет,Нет,,г. Омск,,,,,Нет,1
854,854,,30,М,17836.0,72.0,плацкарт,Нет,Нет,,г. Хасавюрт,,,,1,facebook,0
855,855,,65,Ж,24587.0,67.0,купе,Да,Нет,,г. Октябрьский,разведена,среднее профессиональное,,2,Нет,2
856,856,,40,Ж,10206.0,16.0,люкс,Нет,Нет,Служащие в сфере обработки числовой информации и учета материальных ценностей,г. Якутск,,,,Нет,Нет,1
857,857,,57,М,11111.0,51.0,плацкарт,Нет,Нет,,г. Курск,,,Нет,,одноклассники,1
858,858,,35,Ж,19702.0,78.0,плацкарт,Нет,Нет,,г. Новосибирск,,,Нет,2,facebook,0
859,859,,41,Ж,14538.0,27.0,люкс,Нет,Нет,,г. Омск,,,Нет,2,Нет,1
860,860,,31,Ж,13082.0,48.0,плацкарт,Нет,Нет,"Рабочие, занятые в металлообрабатывающем и машиностроительном производстве, механики и ремонтники",г. Хабаровск,,среднее профессиональное,Нет,3,facebook,1
861,861,,42,Ж,11416.0,42.0,плацкарт,Нет,Нет,,г. Москва,,среднее профессиональное,,1,Нет,1
862,862,,54,Ж,13290.0,61.0,плацкарт,Нет,Нет,,г. Тюмень,,,Да,Нет,vk,1
863,863,,36,М,26350.0,96.0,плацкарт,Нет,Нет,,г. Барнаул,,среднее профессиональное,,Нет,одноклассники,0
864,864,,35,М,15985.0,53.0,купе,Нет,Нет,Работники сферы индивидуальных услуг,г. Краснодар,разведен,,,3,одноклассники,1
865,865,,39,М,9081.0,41.0,плацкарт,Нет,Нет,Специалисты в области науки и техники,г. Тюмень,в браке,высшее,,2,Нет,1
866,866,,18,М,20782.0,72.0,купе,Нет,Нет,,г. Пятигорск,,,Да,1,tiktok,0
867,867,,44,Ж,16553.0,64.0,плацкарт,Нет,Нет,,г. Вологда,,,,4,Нет,1
868,868,,37,Ж,8740.0,25.0,купе,Нет,Нет,,г. Волгоград,,,,2,facebook,1
869,869,,89,М,23031.0,93.0,плацкарт,Нет,Нет,,г. Ижевск,в браке,среднее профессиональное,,Нет,одноклассники,2
870,870,,36,Ж,12596.0,49.0,плацкарт,Нет,Нет,,г. Кемерово,,,Да,Нет,instagram,1
871,871,,34,М,18743.0,68.0,плацкарт,Нет,Нет,"Работники, оказывающие услуги по индивидуальному уходу",г. Пермь,,,,1,одноклассники,0
872,872,,64,М,29026.0,95.0,купе,Да,Нет,,г. Москва,в браке,,Нет,Нет,Нет,0
873,873,,34,М,23387.0,79.0,купе,Нет,Нет,,г. Москва,в браке,,Да,Нет,instagram,0
874,874,,48,Ж,17778.0,70.0,плацкарт,Нет,Нет,"Специалисты в области права, гуманитарных областей и культуры",г. Хабаровск,,,,,Нет,2
875,875,,24,М,25308.0,81.0,купе,Нет,Нет,,г. Новокузнецк,не состоял в браке,среднее профессиональное,,Нет,Нет,0
876,876,,51,М,18494.0,74.0,плацкарт,Нет,Да,,г. Новосибирск,,,Нет,Нет,facebook,2
877,877,,65,Ж,21262.0,97.0,плацкарт,Нет,Нет,,г. Сыктывкар,в браке,,,2,Нет,2
878,878,,64,М,11911.0,52.0,плацкарт,Нет,Нет,,г. Уссурийск,разведен,,Нет,1,Нет,1
879,879,,61,М,15441.0,39.0,СВ,Нет,Нет,,г. Красноярск,в браке,среднее профессиональное,,,Нет,1
880,880,,22,М,18631.0,87.0,плацкарт,Нет,Нет,,г. Одинцово,,,,1,vk,0
881,881,,30,Ж,19281.0,43.0,люкс,Нет,Нет,Специалисты в области науки и техники,г. Челябинск,,,,,Нет,1
882,882,,65,Ж,14129.0,55.0,плацкарт,Нет,Нет,,г. Липецк,,среднее профессиональное,,Нет,Нет,1
883,883,,30,Ж,8533.0,35.0,плацкарт,Нет,Нет,,г. Москва,,среднее профессиональное,,3,instagram,1
884,884,,69,Ж,25637.0,86.0,купе,Нет,Нет,,г. Калининград,,,,1,Нет,2
885,885,,33,Ж,18759.0,65.0,купе,Нет,Нет,Специалисты-техники в области науки и техники,г. Пермь,в браке,,Нет,1,vk,0
886,886,,65,Ж,29451.0,89.0,купе,Нет,Нет,,г. Челябинск,,среднее общее,,,Нет,0
887,887,,34,М,19959.0,82.0,плацкарт,Нет,Нет,,г. Москва,,,,4,facebook,0
888,888,,28,М,27446.0,77.0,купе,Нет,Нет,,г. Санкт-Петербург,,,,,vk,0
889,889,,62,Ж,21954.0,80.0,плацкарт,Нет,Нет,,г. Москва,,,Нет,1,Нет,2
890,890,,44,М,17637.0,52.0,купе,Нет,Нет,,г. Ставрополь,,,,,Нет,1
891,891,,41,Ж,11805.0,35.0,купе,Нет,Нет,"Работники служб, осуществляющих охрану граждан и собственности",г. Октябрьский,,,,,Нет,1
892,892,,66,Ж,25861.0,75.0,купе,Нет,Нет,,г. Невинномысск,,среднее профессиональное,,Нет,Нет,2
893,893,,63,М,12114.0,51.0,плацкарт,Нет,Нет,,г. Брянск,,среднее профессиональное,Нет,,Нет,1
894,894,,20,Ж,13709.0,60.0,плацкарт,Нет,Нет,,г. Челябинск,не состояла в браке,,,1,Нет,1
895,895,,22,Ж,23233.0,80.0,купе,Нет,Нет,Средний специальный персонал по экономической и административной деятельности,г. Улан-Удэ,,,,1,facebook,0
896,896,,59,Ж,26872.0,104.0,плацкарт,Нет,Нет,,г. Оренбург,,среднее профессиональное,,2,Нет,0
897,897,,33,М,14479.0,65.0,плацкарт,Нет,Нет,,г. Улан-Удэ,в браке,среднее профессиональное,Нет,5,facebook,1
898,898,,41,М,19876.0,65.0,купе,Нет,Нет,,г. Курск,в браке,,,Нет,Нет,0
899,899,,53,Ж,19821.0,54.0,купе,Нет,Нет,,г. Октябрьский,,,,,facebook,2
900,900,,54,М,10629.0,45.0,плацкарт,Нет,Нет,,г. Нижний Новгород,,,,Нет,одноклассники,1
901,901,,40,Ж,32186.0,127.0,плацкарт,Нет,Нет,,г. Барнаул,,,,,Нет,0
902,902,,35,М,23425.0,83.0,плацкарт,Да,Нет,,г. Чита,,,,1,Нет,0
903,903,,71,Ж,13356.0,44.0,купе,Нет,Нет,,г. Волгоград,,среднее профессиональное,,,Нет,1
904,904,,19,Ж,24093.0,79.0,купе,Нет,Нет,,г. Саранск,,,,3,Нет,0
905,905,,64,М,14484.0,73.0,плацкарт,Нет,Нет,,г. Тула,,,Нет,1,Нет,2
906,906,,84,М,11172.0,45.0,плацкарт,Нет,Нет,,г. Астрахань,в браке,,,1,Нет,2
907,907,,64,Ж,25995.0,75.0,купе,Нет,Нет,,г. Москва,,среднее профессиональное,Нет,Нет,Нет,2
908,908,,43,М,23765.0,81.0,купе,Нет,Нет,,г. Астрахань,не состоял в браке,среднее профессиональное,,Нет,Нет,0
909,909,,15,М,17994.0,45.0,СВ,Да,Нет,,г. Москва,,,,Нет,facebook,1
910,910,,34,М,22298.0,73.0,купе,Нет,Нет,,г. Москва,,,Нет,,facebook,0
911,911,,47,М,19731.0,66.0,купе,Нет,Нет,,г. Ярославль,,,Нет,1,Нет,2
912,912,,50,Ж,13889.0,49.0,плацкарт,Нет,Нет,,г. Норильск,в браке,,,Нет,Нет,1
913,913,,43,М,23063.0,93.0,плацкарт,Нет,Нет,Специалисты-техники в области науки и техники,г. Ростов-на-Дону,,,Нет,Нет,Нет,0
914,914,,26,М,16473.0,68.0,плацкарт,Нет,Нет,Средний специальный персонал по экономической и административной деятельности,г. Липецк,,среднее профессиональное,,,Нет,1
915,915,,39,М,11142.0,33.0,купе,Нет,Нет,Уборщики и прислуга ,г. Ростов-на-Дону,,,,,Нет,1
916,916,,58,М,21483.0,80.0,плацкарт,Нет,Нет,,г. Йошкар-Ола,,,,Нет,Нет,2
917,917,,49,Ж,25140.0,109.0,плацкарт,Нет,Нет,,г. Санкт-Петербург,,,,,Нет,0
918,918,,61,М,20351.0,80.0,плацкарт,Нет,Нет,,г. Новокузнецк,в браке,высшее,Да,4,Нет,2
919,919,,60,М,15096.0,55.0,плацкарт,Нет,Да,,г. Нижний Новгород,,,Нет,2,Нет,1
920,920,,68,М,22882.0,89.0,плацкарт,Нет,Нет,,г. Чита,,высшее,,Нет,Нет,2
921,921,,33,Ж,17492.0,51.0,купе,Нет,Нет,,г. Якутск,в браке,среднее профессиональное,,,Нет,1
922,922,,41,М,21244.0,69.0,купе,Нет,Нет,,г. Рязань,,,,,Нет,0
923,923,,71,Ж,16917.0,66.0,плацкарт,Нет,Нет,,г. Ярославль,вдова,,,,Нет,2
924,924,,32,М,12957.0,60.0,плацкарт,Нет,Нет,,г. Санкт-Петербург,,,Нет,1,facebook,1
925,925,,18,М,18132.0,58.0,купе,Нет,Нет,,г. Ярославль,,,Нет,,instagram,1
926,926,,19,Ж,19303.0,56.0,купе,Нет,Нет,,г. Москва,не состояла в браке,,Нет,,одноклассники,1
927,927,,50,Ж,28289.0,93.0,купе,Нет,Нет,,г. Якутск,,,,Нет,Нет,0
928,928,,43,Ж,23316.0,85.0,плацкарт,Нет,Нет,,г. Чебоксары,в браке,,,1,Нет,0
929,929,,24,М,15948.0,49.0,купе,Нет,Нет,,г. Подольск,,,Нет,,tiktok,1
930,930,,34,Ж,17584.0,66.0,плацкарт,Нет,Нет,,г. Москва,,среднее профессиональное,Да,Нет,instagram,1
931,931,,56,Ж,13086.0,65.0,плацкарт,Нет,Нет,,г. Брянск,в браке,среднее общее,,2,instagram,1
932,932,,80,М,2810.0,20.0,плацкарт,Нет,Нет,,г. Москва,,,,5,Нет,1
933,933,,45,М,22242.0,66.0,купе,Нет,Нет,Работники сферы индивидуальных услуг,г. Петрозаводск,,среднее общее,Нет,1,Нет,0
934,934,,35,М,8891.0,41.0,плацкарт,Нет,Нет,,г. Норильск,,среднее профессиональное,Нет,Нет,facebook,1
935,935,,43,Ж,14340.0,67.0,плацкарт,Нет,Нет,"Рабочие, занятые в металлообрабатывающем и машиностроительном производстве, механики и ремонтники",г. Астрахань,,,,,Нет,1
936,936,,38,Ж,10634.0,29.0,купе,Нет,Нет,,г. Рязань,,высшее,Нет,,vk,1
937,937,,64,М,20661.0,62.0,купе,Нет,Нет,,г. Санкт-Петербург,,среднее общее,,Нет,Нет,2
938,938,,16,Ж,11869.0,54.0,плацкарт,Нет,Нет,,г. Санкт-Петербург,,,,Нет,instagram,1
939,939,,48,М,11068.0,53.0,плацкарт,Нет,Нет,Специалисты в области науки и техники,г. Москва,,,,5,Нет,1
940,940,,76,М,16136.0,74.0,плацкарт,Нет,Нет,,г. Уфа,,,,Нет,Нет,2
941,941,,29,Ж,10761.0,38.0,плацкарт,Нет,Нет,,г. Тула,,среднее профессиональное,,3,facebook,1
942,942,,72,Ж,21959.0,104.0,плацкарт,Нет,Нет,,г. Москва,,,,1,Нет,2
943,943,,40,Ж,19362.0,90.0,плацкарт,Да,Нет,,г. Нижний Новгород,разведена,,,2,Нет,0
944,944,,58,Ж,19905.0,75.0,плацкарт,Нет,Нет,,г. Петропавловск-Камчатский,в браке,среднее профессиональное,,Нет,facebook,2
945,945,,21,М,13969.0,67.0,плацкарт,Нет,Нет,,г. Тюмень,не состоял в браке,,,,Нет,1
946,946,,61,Ж,15468.0,63.0,плацкарт,Нет,Нет,,г. Санкт-Петербург,не состояла в браке,,Нет,Нет,Нет,2
947,947,,81,М,24046.0,87.0,плацкарт,Нет,Нет,,г. Москва,,среднее профессиональное,Нет,Нет,одноклассники,2
948,948,,44,Ж,22842.0,70.0,купе,Нет,Нет,,г. Вологда,разведена,,,,Нет,0
949,949,,27,Ж,26472.0,92.0,купе,Нет,Нет,,г. Новомосковск,,,Нет,Нет,vk,0
950,950,,53,Ж,20035.0,67.0,купе,Нет,Нет,,г. Санкт-Петербург,,среднее профессиональное,,Нет,Нет,2
951,951,,79,Ж,16124.0,50.0,купе,Да,Нет,,г. Мытищи,,,,1,одноклассники,2
952,952,,67,М,14713.0,60.0,плацкарт,Нет,Нет,,г. Москва,,среднее профессиональное,,2,Нет,2
953,953,,20,Ж,26608.0,94.0,плацкарт,Нет,Нет,,г. Москва,,высшее,Да,Нет,vk,0
954,954,,45,Ж,18184.0,71.0,плацкарт,Нет,Нет,Водители и операторы подвижного оборудования,г. Находка,,,Нет,,Нет,0
955,955,,17,Ж,25781.0,104.0,плацкарт,Нет,Нет,,г. Иваново,,,Нет,Нет,vk,0
956,956,,38,Ж,15710.0,52.0,купе,Нет,Нет,Специалисты-техники в области науки и техники,г. Махачкала,,,Нет,Нет,facebook,1
957,957,,45,Ж,11024.0,60.0,плацкарт,Нет,Нет,,г. Ноябрьск,,,,,Нет,1
958,958,,46,М,23775.0,86.0,плацкарт,Нет,Нет,,г. Балашиха,,,,,Нет,0
959,959,,45,Ж,33942.0,102.0,купе,Нет,Нет,,г. Москва,,,,Нет,Нет,0
960,960,,48,М,17148.0,65.0,плацкарт,Нет,Нет,Водители и операторы подвижного оборудования,г. Москва,в браке,среднее общее,Да,5,Нет,1
961,961,,67,М,12949.0,46.0,плацкарт,Нет,Нет,,г. Ульяновск,,,Нет,,Нет,1
962,962,,31,Ж,13274.0,54.0,плацкарт,Нет,Нет,Специалисты-техники в области науки и техники,г. Москва,,,,5,Нет,1
963,963,,63,М,14246.0,59.0,плацкарт,Нет,Нет,,г. Самара,в браке,,Да,1,Нет,1
964,964,,35,Ж,24720.0,71.0,купе,Нет,Нет,,г. Старый Оскол,в браке,,,,Нет,0
965,965,,48,Ж,24712.0,69.0,купе,Нет,Нет,,г. Саратов,,,,4,Нет,0
966,966,,38,М,20018.0,63.0,купе,Нет,Нет,,г. Казань,,,,Нет,Нет,0
967,967,,66,Ж,24535.0,83.0,купе,Нет,Нет,,г. Новокузнецк,,,,,Нет,2
968,968,,27,М,19453.0,77.0,плацкарт,Нет,Нет,,г. Москва,,,Нет,Нет,одноклассники,0
969,969,,50,Ж,13670.0,60.0,плацкарт,Нет,Нет,,г. Москва,,,Да,,vk,1
970,970,,44,Ж,27484.0,84.0,купе,Нет,Нет,Служащие в сфере обработки числовой информации и учета материальных ценностей,г. Ярославль,,,Да,,Нет,0
971,971,,65,М,27902.0,101.0,плацкарт,Нет,Нет,,г. Самара,,,,Нет,Нет,0
972,972,,38,М,21425.0,74.0,купе,Нет,Нет,,г. Майкоп,в браке,,,2,Нет,0
973,973,,29,Ж,10834.0,73.0,плацкарт,Нет,Нет,,г. Санкт-Петербург,,,,Нет,Нет,1
974,974,,36,Ж,25179.0,77.0,купе,Нет,Нет,,г. Екатеринбург,не состояла в браке,,,Нет,Нет,0
975,975,,56,М,19479.0,87.0,плацкарт,Нет,Нет,,г. Череповец,,,,1,Нет,2
976,976,,68,Ж,17069.0,70.0,плацкарт,Нет,Нет,,г. Новосибирск,,,,,Нет,2
977,977,,80,М,17696.0,67.0,плацкарт,Нет,Нет,,г. Казань,,,,2,facebook,2
978,978,,51,М,16102.0,72.0,плацкарт,Нет,Нет,,г. Чебоксары,,,,Нет,instagram,2
979,979,,72,М,25265.0,72.0,купе,Нет,Нет,,г. Санкт-Петербург,,высшее,,Нет,одноклассники,2
980,980,,31,Ж,16290.0,56.0,купе,Нет,Нет,,г. Калуга,в браке,среднее профессиональное,,1,Нет,1
981,981,,77,Ж,20397.0,73.0,плацкарт,Да,Да,,г. Санкт-Петербург,,,,Нет,одноклассники,2
982,982,,37,Ж,16194.0,55.0,купе,Да,Нет,,г. Москва,,,,1,Нет,1
983,983,,40,М,17132.0,50.0,купе,Нет,Нет,,г. Тюмень,,,,,Нет,1
984,984,,34,Ж,21371.0,81.0,плацкарт,Нет,Нет,,г. Оренбург,,,Да,1,vk,0
985,985,,57,М,18495.0,78.0,плацкарт,Да,Нет,Продавцы,г. Салават,,,Нет,Нет,одноклассники,2
986,986,,70,Ж,11938.0,51.0,плацкарт,Нет,Нет,,г. Елец,вдова,среднее профессиональное,Нет,5,tiktok,1
987,987,,18,Ж,18013.0,66.0,плацкарт,Нет,Нет,,г. Уфа,не состояла в браке,,,2,Нет,0
988,988,,39,Ж,12065.0,47.0,плацкарт,Нет,Нет,Служащие общего профиляи обслуживающие офисную технику,г. Тюмень,,высшее,Нет,1,facebook,1
989,989,,23,Ж,19192.0,67.0,купе,Нет,Нет,Неквалифицированные работники по сбору мусора и другие неквалифицированные работники,г. Йошкар-Ола,,,,Нет,facebook,0
990,990,,81,М,20836.0,74.0,плацкарт,Нет,Да,,г. Москва,,,,,Нет,2
991,991,,46,М,21356.0,55.0,СВ,Нет,Нет,Специалисты-техники в области науки и техники,г. Чита,в браке,,,Нет,Нет,2
992,992,,39,Ж,23791.0,84.0,плацкарт,Нет,Нет,,г. Калининград,,среднее профессиональное,Нет,,одноклассники,0
993,993,,15,Ж,10090.0,45.0,плацкарт,Нет,Нет,,г. Пермь,,,Нет,Нет,instagram,1
994,994,,61,М,17596.0,64.0,плацкарт,Нет,Нет,,г. Нальчик,,среднее общее,,Нет,Нет,2
995,995,,78,М,17683.0,68.0,плацкарт,Нет,Нет,,г. Москва,,,,,Нет,2
996,996,,73,М,18377.0,61.0,купе,Нет,Нет,,г. Балашиха,,среднее профессиональное,,,одноклассники,2
997,997,,40,Ж,19278.0,73.0,плацкарт,Нет,Нет,Продавцы,г. Владимир,,среднее профессиональное,,,Нет,0
998,998,,69,М,20361.0,94.0,плацкарт,Нет,Нет,,г. Абакан,,высшее,,,Нет,2
999,999,,33,Ж,19527.0,75.0,плацкарт,Нет,Нет,,г. Махачкала,не состояла в браке,,Да,Нет,vk,0
